,target_num,prod_num,similarity
0,1296,1296,1.0000001192092896
1,1296,763,0.8925187587738037
2,1296,1329,0.870024561882019
3,1296,1490,0.8634560108184814
4,1296,1262,0.860539436340332
5,1296,323,0.8539664149284363
6,1296,1324,0.8491103053092957
7,1296,1281,0.8461660146713257
8,1296,733,0.845062255859375
9,1296,724,0.8435981869697571
10,1296,427,0.8394481539726257
11,1296,653,0.8386300206184387
12,1296,340,0.8383331894874573
13,1296,1321,0.8379802107810974
14,1296,1484,0.8341101408004761
15,1296,1265,0.8329071402549744
16,1296,327,0.8323292136192322
17,1296,1225,0.832232654094696
18,1296,430,0.8307350873947144
19,1296,425,0.8291428089141846
20,1296,871,0.8288056254386902
21,1296,1475,0.8285535573959351
22,1296,1515,0.8273468017578125
23,1296,420,0.8263090252876282
24,1296,1283,0.8262102007865906
25,1296,437,0.8261655569076538
26,1296,1204,0.8259443640708923
27,1296,888,0.8244326114654541
28,1296,360,0.8236533403396606
29,1296,692,0.8236299753189087
30,1296,436,0.8233920931816101
31,1296,415,0.8223913311958313
32,1296,626,0.8206538558006287
33,1296,328,0.8202223777770996
34,1296,1340,0.8183889985084534
35,1296,1230,0.8171672821044922
36,1296,376,0.8171217441558838
37,1296,1308,0.8169848918914795
38,1296,1288,0.8160921931266785
39,1296,613,0.8159147500991821
40,1296,1235,0.8156303763389587
41,1296,426,0.8139058351516724
42,1296,1306,0.8137869834899902
43,1296,356,0.8126896619796753
44,1296,1271,0.8115260601043701
45,1296,625,0.8095449805259705
46,1296,400,0.8090307116508484
47,1296,414,0.8086747527122498
48,1296,1207,0.8071566224098206
49,1296,1307,0.8068565130233765
50,1296,1512,0.8062072396278381
51,1296,1197,0.8058215379714966
52,1296,186,0.8042707443237305
53,1296,155,0.8035598993301392
54,1296,374,0.803354799747467
55,1296,347,0.8020727038383484
56,1296,1485,0.8012331128120422
57,1296,396,0.8011490106582642
58,1296,1223,0.8006910681724548
59,1296,1284,0.8005664944648743
60,1296,433,0.800442636013031
61,1296,1480,0.8003027439117432
62,1296,386,0.8000561594963074
63,1296,675,0.7995491623878479
64,1296,372,0.7992449998855591
65,1296,705,0.7992239594459534
66,1296,326,0.7986776232719421
67,1296,334,0.7982736229896545
68,1296,383,0.7968614101409912
69,1296,807,0.7962797284126282
70,1296,152,0.7961836457252502
71,1296,817,0.7960655689239502
72,1296,317,0.7960492968559265
73,1296,203,0.7952394485473633
74,1296,1316,0.7931219339370728
75,1296,1290,0.7922326922416687
76,1296,1205,0.792115330696106
77,1296,674,0.7918776869773865
78,1296,399,0.7907095551490784
79,1296,441,0.7906580567359924
80,1296,385,0.7904083132743835
81,1296,402,0.7903366088867188
82,1296,1206,0.7897825837135315
83,1296,1427,0.7894279956817627
84,1296,1505,0.7889611721038818
85,1296,875,0.7889420390129089
86,1296,398,0.7889388799667358
87,1296,62,0.788253903388977
88,1296,676,0.7876062989234924
89,1296,172,0.7872399091720581
90,1296,207,0.7869518995285034
91,1296,1216,0.7868574261665344
92,1296,127,0.7866840958595276
93,1296,890,0.7857353687286377
94,1296,350,0.7856717109680176
95,1296,1323,0.785317063331604
96,1296,1236,0.7848520874977112
97,1296,1313,0.7842575311660767
98,1296,658,0.7842087149620056
99,1296,377,0.7828591465950012
100,1296,833,0.7823007702827454
101,1296,1213,0.7820574045181274
102,1296,1489,0.7818394303321838
103,1296,77,0.7818307280540466
104,1296,836,0.781553328037262
105,1296,1289,0.7811185121536255
106,1296,683,0.7800735235214233
107,1296,867,0.7795407176017761
108,1296,406,0.7793943285942078
109,1296,773,0.7793177962303162
110,1296,1282,0.7793150544166565
111,1296,1246,0.7793020009994507
112,1296,1203,0.7786754369735718
113,1296,1209,0.7781694531440735
114,1296,756,0.7780112028121948
115,1296,1436,0.7775797247886658
116,1296,720,0.7773856520652771
117,1296,1270,0.7772931456565857
118,1296,1462,0.7772759199142456
119,1296,331,0.7765469551086426
120,1296,769,0.7753681540489197
121,1296,1502,0.7752994894981384
122,1296,1196,0.7751175165176392
123,1296,144,0.7740963697433472
124,1296,189,0.7735375165939331
125,1296,1272,0.7734408974647522
126,1296,171,0.7730936408042908
127,1296,873,0.7721553444862366
128,1296,1461,0.7718937397003174
129,1296,1460,0.7715375423431396
130,1296,1238,0.7701998949050903
131,1296,1524,0.7698313593864441
132,1296,424,0.7692788243293762
133,1296,316,0.7689267992973328
134,1296,1226,0.768855631351471
135,1296,439,0.76752108335495
136,1296,393,0.7673667669296265
137,1296,1199,0.7672597169876099
138,1296,1482,0.7668530344963074
139,1296,1514,0.766704261302948
140,1296,434,0.7665990591049194
141,1296,790,0.7657065987586975
142,1296,1429,0.7653848528862
143,1296,1337,0.7653233408927917
144,1296,1326,0.7648889422416687
145,1296,688,0.764846920967102
146,1296,1268,0.7647582292556763
147,1296,754,0.7643494606018066
148,1296,1228,0.7642256617546082
149,1296,133,0.7641716599464417
150,1296,1335,0.7637033462524414
151,1296,413,0.7630412578582764
152,1296,868,0.7619675993919373
153,1296,684,0.7617665529251099
154,1296,169,0.7617494463920593
155,1296,1526,0.7614378333091736
156,1296,182,0.7610823512077332
157,1296,783,0.7606762051582336
158,1296,672,0.7603885531425476
159,1296,639,0.76009601354599
160,1296,1310,0.7600845694541931
161,1296,800,0.7581731677055359
162,1296,652,0.7580474019050598
163,1296,45,0.7574504613876343
164,1296,138,0.7574085593223572
165,1296,1276,0.7572005987167358
166,1296,646,0.7571890950202942
167,1296,813,0.7568163275718689
168,1296,343,0.7558568120002747
169,1296,154,0.7556853294372559
170,1296,1479,0.7555074691772461
171,1296,631,0.7551270127296448
172,1296,765,0.7550303339958191
173,1296,1202,0.7548640370368958
174,1296,722,0.7546911239624023
175,1296,1240,0.7540885210037231
176,1296,1487,0.7534790635108948
177,1296,162,0.7527292966842651
178,1296,206,0.7520536780357361
179,1296,1261,0.751541018486023
180,1296,637,0.7513331174850464
181,1296,173,0.7509276866912842
182,1296,689,0.7508423924446106
183,1296,887,0.7498769760131836
184,1296,428,0.7496544122695923
185,1296,884,0.7495518922805786
186,1296,449,0.7492741346359253
187,1296,1414,0.7491275072097778
188,1296,1277,0.7488029599189758
189,1296,869,0.748552680015564
190,1296,1419,0.7484080195426941
191,1296,1231,0.7475411891937256
192,1296,666,0.747502326965332
193,1296,387,0.7469796538352966
194,1296,872,0.7466444373130798
195,1296,767,0.7465181350708008
196,1296,1239,0.7461866736412048
197,1296,421,0.7456341981887817
198,1296,1300,0.7454870939254761
199,1296,824,0.7451019287109375
200,1296,1473,0.745000958442688
201,1296,671,0.74488365650177
202,1296,740,0.7444127798080444
203,1296,1508,0.7440640926361084
204,1296,388,0.743959903717041
205,1296,342,0.743929922580719
206,1296,645,0.7437261939048767
207,1296,17,0.7437108755111694
208,1296,749,0.7434791922569275
209,1296,1242,0.7434341311454773
210,1296,612,0.7427968978881836
211,1296,1229,0.7426043748855591
212,1296,395,0.7423842549324036
213,1296,663,0.742128849029541
214,1296,392,0.7416630387306213
215,1296,760,0.7416357398033142
216,1296,339,0.7401992082595825
217,1296,641,0.7398397922515869
218,1296,1507,0.7395232319831848
219,1296,1421,0.7386192083358765
220,1296,709,0.7381336092948914
221,1296,630,0.7378818988800049
222,1296,329,0.737762987613678
223,1296,55,0.7375364899635315
224,1296,366,0.7375280857086182
225,1296,1478,0.7374386787414551
226,1296,1241,0.7371649742126465
227,1296,147,0.7371321320533752
228,1296,1200,0.7362053394317627
229,1296,659,0.7359194755554199
230,1296,1254,0.7358176708221436
231,1296,1344,0.7348186373710632
232,1296,1233,0.7346131801605225
233,1296,63,0.7344223856925964
234,1296,627,0.7342440485954285
235,1296,164,0.7341204285621643
236,1296,1269,0.7341095805168152
237,1296,153,0.7335701584815979
238,1296,43,0.7331701517105103
239,1296,1319,0.7329381108283997
240,1296,404,0.7323637008666992
241,1296,717,0.7323380708694458
242,1296,870,0.7320466041564941
243,1296,349,0.7318993806838989
244,1296,610,0.7317487597465515
245,1296,1259,0.731692373752594
246,1296,1219,0.7316427230834961
247,1296,803,0.7313823699951172
248,1296,837,0.7307396531105042
249,1296,1359,0.7304372191429138
250,1296,686,0.7304324507713318
251,1296,780,0.7293921113014221
252,1296,324,0.7291229367256165
253,1296,1275,0.7286527156829834
254,1296,1331,0.7284990549087524
255,1296,345,0.7283934950828552
256,1296,815,0.7273630499839783
257,1296,1415,0.7271817922592163
258,1296,726,0.7271130681037903
259,1296,325,0.7261557579040527
260,1296,814,0.7260377407073975
261,1296,365,0.7254584431648254
262,1296,1320,0.7252507209777832
263,1296,27,0.7249986529350281
264,1296,423,0.7249040007591248
265,1296,143,0.7245248556137085
266,1296,134,0.7244960069656372
267,1296,1411,0.7242496013641357
268,1296,1458,0.7241126894950867
269,1296,1317,0.7236066460609436
270,1296,707,0.722263514995575
271,1296,1518,0.7221109867095947
272,1296,793,0.7219396233558655
273,1296,405,0.7218946814537048
274,1296,623,0.7217419743537903
275,1296,1298,0.7209575772285461
276,1296,1208,0.7208943963050842
277,1296,321,0.7203595042228699
278,1296,1338,0.7200483679771423
279,1296,139,0.7199724912643433
280,1296,410,0.7195883393287659
281,1296,379,0.719510018825531
282,1296,355,0.7194718718528748
283,1296,78,0.718384861946106
284,1296,736,0.7179951667785645
285,1296,629,0.7171772122383118
286,1296,1504,0.7165661454200745
287,1296,728,0.716549277305603
288,1296,394,0.7164920568466187
289,1296,633,0.7138110995292664
290,1296,148,0.7135562300682068
291,1296,1232,0.7133074402809143
292,1296,1250,0.7127198576927185
293,1296,748,0.7123646140098572
294,1296,151,0.7117987871170044
295,1296,378,0.7117187976837158
296,1296,628,0.7110812664031982
297,1296,621,0.7107902765274048
298,1296,1456,0.7098909020423889
299,1296,28,0.7096576690673828
300,1296,785,0.7095468044281006
301,1296,1291,0.7092196345329285
302,1296,1273,0.7091920375823975
303,1296,181,0.7091665863990784
304,1296,145,0.7089228630065918
305,1296,1251,0.7088153958320618
306,1296,1322,0.708490788936615
307,1296,1210,0.708250880241394
308,1296,766,0.7081720232963562
309,1296,710,0.7080954909324646
310,1296,1521,0.7080165147781372
311,1296,632,0.707899272441864
312,1296,1292,0.707448422908783
313,1296,638,0.7064388394355774
314,1296,1295,0.7063344717025757
315,1296,774,0.706233024597168
316,1296,59,0.7059423327445984
317,1296,1483,0.7057995200157166
318,1296,611,0.7055732011795044
319,1296,624,0.7048354148864746
320,1296,389,0.7047551274299622
321,1296,1413,0.7046610713005066
322,1296,642,0.7034040093421936
323,1296,1445,0.7032667398452759
324,1296,1339,0.7027608156204224
325,1296,1328,0.7021417021751404
326,1296,1334,0.7021005153656006
327,1296,775,0.7018760442733765
328,1296,371,0.7018236517906189
329,1296,712,0.7011235356330872
330,1296,660,0.7006206512451172
331,1296,1417,0.6998499631881714
332,1296,1407,0.6997210383415222
333,1296,643,0.6994309425354004
334,1296,699,0.6988949179649353
335,1296,1425,0.6986201405525208
336,1296,806,0.6985819935798645
337,1296,1410,0.698421835899353
338,1296,655,0.6973011493682861
339,1296,802,0.6965211033821106
340,1296,706,0.6950419545173645
341,1296,136,0.6948103308677673
342,1296,662,0.6939760446548462
343,1296,651,0.6938135623931885
344,1296,617,0.6931711435317993
345,1296,24,0.6928174495697021
346,1296,777,0.6920670866966248
347,1296,1416,0.6917404532432556
348,1296,354,0.6912773847579956
349,1296,38,0.6907697916030884
350,1296,791,0.6907028555870056
351,1296,1408,0.689542293548584
352,1296,397,0.6892492175102234
353,1296,761,0.689125120639801
354,1296,23,0.6890699863433838
355,1296,1511,0.6887547373771667
356,1296,381,0.6886547207832336
357,1296,1330,0.6881583333015442
358,1296,1301,0.6876917481422424
359,1296,21,0.6875852346420288
360,1296,1501,0.6875712871551514
361,1296,622,0.6871995329856873
362,1296,416,0.6871635317802429
363,1296,1279,0.6865869164466858
364,1296,1217,0.6863744258880615
365,1296,823,0.6856237053871155
366,1296,797,0.6855322122573853
367,1296,713,0.6855276823043823
368,1296,647,0.6853189468383789
369,1296,1446,0.6850255727767944
370,1296,719,0.684485137462616
371,1296,1192,0.6837191581726074
372,1296,742,0.6836397647857666
373,1296,826,0.6824859976768494
374,1296,721,0.6824350953102112
375,1296,390,0.6822407245635986
376,1296,1438,0.6815857887268066
377,1296,667,0.681155264377594
378,1296,715,0.6810346841812134
379,1296,886,0.6808826923370361
380,1296,137,0.6800611615180969
381,1296,704,0.6797854900360107
382,1296,883,0.6790251731872559
383,1296,685,0.6779881715774536
384,1296,1453,0.6779254674911499
385,1296,1297,0.6774783730506897
386,1296,649,0.6763054728507996
387,1296,701,0.6761805415153503
388,1296,753,0.6760749816894531
389,1296,341,0.6747519373893738
390,1296,409,0.674191415309906
391,1296,1257,0.6740244030952454
392,1296,74,0.6735666990280151
393,1296,1472,0.6733785271644592
394,1296,759,0.6730225086212158
395,1296,161,0.6728349924087524
396,1296,445,0.6722238659858704
397,1296,205,0.6722162961959839
398,1296,1451,0.6712366938591003
399,1296,1454,0.6698371171951294
400,1296,811,0.6697933077812195
401,1296,48,0.6695902347564697
402,1296,1260,0.6694758534431458
403,1296,690,0.6689977645874023
404,1296,1496,0.6685082912445068
405,1296,770,0.6677857041358948
406,1296,679,0.6677811145782471
407,1296,747,0.6676743626594543
408,1296,12,0.666785717010498
409,1296,1249,0.6660583019256592
410,1296,670,0.665306031703949
411,1296,403,0.6636151075363159
412,1296,3,0.662957489490509
413,1296,786,0.662854015827179
414,1296,779,0.6624773740768433
415,1296,333,0.6622990965843201
416,1296,885,0.66196608543396
417,1296,1293,0.6616542339324951
418,1296,36,0.6605936884880066
419,1296,734,0.659874439239502
420,1296,1409,0.6581313610076904
421,1296,346,0.6579533219337463
422,1296,1440,0.6572034358978271
423,1296,1443,0.6567760705947876
424,1296,1468,0.6564101576805115
425,1296,443,0.6557255983352661
426,1296,180,0.6556812524795532
427,1296,1245,0.6555134654045105
428,1296,1309,0.6551924347877502
429,1296,1450,0.6551555395126343
430,1296,1342,0.6548625826835632
431,1296,1455,0.6545294523239136
432,1296,15,0.6543900966644287
433,1296,318,0.654254674911499
434,1296,1523,0.6537551283836365
435,1296,1227,0.653071403503418
436,1296,1234,0.6528823971748352
437,1296,1211,0.650811493396759
438,1296,1278,0.6507867574691772
439,1296,744,0.6483402848243713
440,1296,418,0.6482748985290527
441,1296,65,0.6473938822746277
442,1296,714,0.6470990180969238
443,1296,635,0.6461354494094849
444,1296,1527,0.6446029543876648
445,1296,455,0.6444653272628784
446,1296,1464,0.6437000036239624
447,1296,71,0.6435800194740295
448,1296,417,0.6435016989707947
449,1296,874,0.6434809565544128
450,1296,616,0.6434351801872253
451,1296,375,0.6432260870933533
452,1296,636,0.6431302428245544
453,1296,640,0.6426417231559753
454,1296,609,0.6425597667694092
455,1296,335,0.642541766166687
456,1296,163,0.6421992778778076
457,1296,881,0.6419164538383484
458,1296,694,0.6418794393539429
459,1296,644,0.6418672204017639
460,1296,737,0.6413934826850891
461,1296,1212,0.6413184404373169
462,1296,351,0.6411024332046509
463,1296,11,0.6401551365852356
464,1296,702,0.6400384902954102
465,1296,751,0.6399271488189697
466,1296,697,0.6399195790290833
467,1296,332,0.6397908926010132
468,1296,818,0.6391564607620239
469,1296,39,0.6390758752822876
470,1296,47,0.6389073133468628
471,1296,750,0.6388465762138367
472,1296,50,0.6386945247650146
473,1296,1422,0.6386730670928955
474,1296,44,0.6383672952651978
475,1296,330,0.6381257772445679
476,1296,1327,0.6369896531105042
477,1296,695,0.6366302967071533
478,1296,370,0.6359895467758179
479,1296,412,0.6357266902923584
480,1296,14,0.6353345513343811
481,1296,61,0.6347742676734924
482,1296,822,0.6343967914581299
483,1296,31,0.634191632270813
484,1296,135,0.6340564489364624
485,1296,22,0.6331989765167236
486,1296,680,0.6329392194747925
487,1296,401,0.6325409412384033
488,1296,661,0.6322348713874817
489,1296,654,0.631779134273529
490,1296,882,0.6310688257217407
491,1296,876,0.6299386024475098
492,1296,746,0.6299089789390564
493,1296,657,0.629824697971344
494,1296,725,0.6294086575508118
495,1296,1299,0.6286025643348694
496,1296,478,0.6271858811378479
497,1296,614,0.6264434456825256
498,1296,796,0.6264092326164246
499,1296,160,0.6262927055358887
500,1296,157,0.6259463429450989
501,1296,57,0.6257280111312866
502,1296,827,0.625670313835144
503,1296,168,0.6254667639732361
504,1296,348,0.6253857016563416
505,1296,64,0.6250942945480347
506,1296,812,0.6243041753768921
507,1296,183,0.6235822439193726
508,1296,1520,0.623327374458313
509,1296,703,0.6228891015052795
510,1296,1312,0.6227161288261414
511,1296,1529,0.6220636367797852
512,1296,1499,0.6202768087387085
513,1296,364,0.6187291741371155
514,1296,1341,0.6185656189918518
515,1296,878,0.6152173280715942
516,1296,1495,0.6147404313087463
517,1296,1418,0.6146276593208313
518,1296,1012,0.6139272451400757
519,1296,446,0.6123108863830566
520,1296,1447,0.6120121479034424
521,1296,40,0.610295295715332
522,1296,687,0.6096433401107788
523,1296,1021,0.6092091202735901
524,1296,650,0.6071529984474182
525,1296,782,0.6060988903045654
526,1296,188,0.6057353615760803
527,1296,363,0.605545163154602
528,1296,1008,0.6053496599197388
529,1296,957,0.6051514148712158
530,1296,941,0.604907751083374
531,1296,1428,0.6043395400047302
532,1296,184,0.6043261289596558
533,1296,735,0.6040441393852234
534,1296,619,0.6036258935928345
535,1296,788,0.6034659147262573
536,1296,41,0.6033180356025696
537,1296,1315,0.6029236912727356
538,1296,159,0.6025493144989014
539,1296,700,0.6022058725357056
540,1296,1444,0.6015844345092773
541,1296,1104,0.601057767868042
542,1296,1406,0.6002815961837769
543,1296,594,0.5986517071723938
544,1296,1525,0.5979398488998413
545,1296,432,0.5979039072990417
546,1296,677,0.5966444611549377
547,1296,344,0.5966296195983887
548,1296,1174,0.5965708494186401
549,1296,787,0.5964993238449097
550,1296,68,0.5962636470794678
551,1296,664,0.5960407853126526
552,1296,1365,0.5946319699287415
553,1296,834,0.594570517539978
554,1296,668,0.5944926142692566
555,1296,778,0.5942863821983337
556,1296,391,0.5942179560661316
557,1296,964,0.591693103313446
558,1296,1506,0.5913298726081848
559,1296,738,0.5912486910820007
560,1296,723,0.5901221632957458
561,1296,69,0.5899159908294678
562,1296,496,0.5889336466789246
563,1296,1517,0.5888352394104004
564,1296,1028,0.5885733962059021
565,1296,6,0.5885359644889832
566,1296,1109,0.588025689125061
567,1296,781,0.5877332091331482
568,1296,1513,0.5873720049858093
569,1296,986,0.5872654318809509
570,1296,1280,0.5860007405281067
571,1296,1420,0.5859788060188293
572,1296,475,0.5852692127227783
573,1296,678,0.5851866602897644
574,1296,665,0.5851691961288452
575,1296,1370,0.5846459865570068
576,1296,2,0.5844618678092957
577,1296,1459,0.5843576192855835
578,1296,422,0.5841758847236633
579,1296,1318,0.5836703777313232
580,1296,33,0.5831018686294556
581,1296,1195,0.5821410417556763
582,1296,1380,0.580644428730011
583,1296,1183,0.5804511308670044
584,1296,798,0.5800042748451233
585,1296,1224,0.579387903213501
586,1296,506,0.5792283415794373
587,1296,618,0.5789834856987
588,1296,572,0.5787054300308228
589,1296,605,0.5784090161323547
590,1296,716,0.5777493119239807
591,1296,830,0.5776264667510986
592,1296,1193,0.5774437785148621
593,1296,1164,0.5773921012878418
594,1296,1503,0.5746820569038391
595,1296,711,0.5745357871055603
596,1296,1433,0.5723072290420532
597,1296,1243,0.5716043710708618
598,1296,820,0.5699927806854248
599,1296,656,0.5695302486419678
600,1296,758,0.5692557692527771
601,1296,1019,0.5689118504524231
602,1296,816,0.5688316226005554
603,1296,1194,0.568267285823822
604,1296,942,0.5677316784858704
605,1296,1252,0.5672447681427002
606,1296,520,0.5670574307441711
607,1296,1244,0.566564679145813
608,1296,1311,0.566555917263031
609,1296,435,0.5628162622451782
610,1296,1218,0.5625396966934204
611,1296,193,0.5622464418411255
612,1296,126,0.561405599117279
613,1296,1343,0.5607787370681763
614,1296,1498,0.5604602098464966
615,1296,708,0.5604071021080017
616,1296,564,0.5596641302108765
617,1296,808,0.5591310858726501
618,1296,879,0.5588833689689636
619,1296,1441,0.5587422847747803
620,1296,809,0.5584049224853516
621,1296,37,0.5574929714202881
622,1296,1190,0.5573641061782837
623,1296,832,0.5564634203910828
624,1296,527,0.5556749701499939
625,1296,1222,0.5556743741035461
626,1296,989,0.5552108883857727
627,1296,32,0.5548158288002014
628,1296,187,0.554629385471344
629,1296,1267,0.554601788520813
630,1296,1305,0.5542800426483154
631,1296,1509,0.5541160702705383
632,1296,1448,0.5535575747489929
633,1296,1510,0.5530515313148499
634,1296,634,0.5529306530952454
635,1296,286,0.5522435307502747
636,1296,739,0.552017092704773
637,1296,1022,0.5519390106201172
638,1296,66,0.5518410205841064
639,1296,459,0.551239550113678
640,1296,943,0.5506828427314758
641,1296,337,0.5496603846549988
642,1296,810,0.5495065450668335
643,1296,1031,0.5490440726280212
644,1296,352,0.5489118099212646
645,1296,732,0.5472046136856079
646,1296,359,0.5466097593307495
647,1296,132,0.5462777614593506
648,1296,681,0.5461618304252625
649,1296,494,0.5460129380226135
650,1296,752,0.5459877848625183
651,1296,51,0.5459713339805603
652,1296,1131,0.545860767364502
653,1296,1357,0.5458055734634399
654,1296,1363,0.5452582240104675
655,1296,1481,0.5451686978340149
656,1296,1494,0.5446320176124573
657,1296,838,0.5443788170814514
658,1296,1026,0.5442299246788025
659,1296,960,0.5441541075706482
660,1296,440,0.5428864359855652
661,1296,956,0.54277503490448
662,1296,1500,0.5420587062835693
663,1296,1024,0.5417866706848145
664,1296,839,0.5410184264183044
665,1296,1412,0.5408718585968018
666,1296,1029,0.5405895709991455
667,1296,1247,0.5397704839706421
668,1296,353,0.539662778377533
669,1296,1435,0.5384402871131897
670,1296,1431,0.5379288792610168
671,1296,497,0.5378580689430237
672,1296,1470,0.537595808506012
673,1296,745,0.53755784034729
674,1296,557,0.5364983677864075
675,1296,1198,0.5357014536857605
676,1296,860,0.5355930328369141
677,1296,969,0.5355580449104309
678,1296,1127,0.5348305106163025
679,1296,916,0.5347909331321716
680,1296,411,0.5344257950782776
681,1296,167,0.5338776111602783
682,1296,682,0.5337137579917908
683,1296,1532,0.5336490869522095
684,1296,938,0.5331227779388428
685,1296,968,0.5329490303993225
686,1296,978,0.5327759385108948
687,1296,49,0.5323172211647034
688,1296,573,0.5319046378135681
689,1296,463,0.5318174958229065
690,1296,1442,0.5317116975784302
691,1296,1080,0.5314648151397705
692,1296,1519,0.5313509106636047
693,1296,1051,0.5305812358856201
694,1296,1001,0.5304343700408936
695,1296,994,0.5303525328636169
696,1296,479,0.5302546620368958
697,1296,840,0.5300557017326355
698,1296,1457,0.5296499133110046
699,1296,1522,0.5290510058403015
700,1296,369,0.528989851474762
701,1296,982,0.5288463234901428
702,1296,438,0.5277160406112671
703,1296,429,0.5275282859802246
704,1296,1287,0.5273743867874146
705,1296,46,0.5271481871604919
706,1296,442,0.5264845490455627
707,1296,795,0.5260246992111206
708,1296,831,0.5257355570793152
709,1296,1474,0.525664210319519
710,1296,522,0.5250537991523743
711,1296,757,0.525052011013031
712,1296,293,0.5241785645484924
713,1296,789,0.5234657526016235
714,1296,1063,0.5228610038757324
715,1296,166,0.5228314399719238
716,1296,1437,0.5226890444755554
717,1296,528,0.5223188996315002
718,1296,128,0.5223086476325989
719,1296,1180,0.5222577452659607
720,1296,877,0.5222529172897339
721,1296,895,0.522171676158905
722,1296,1476,0.5212469696998596
723,1296,158,0.5212224721908569
724,1296,880,0.520472526550293
725,1296,266,0.5204465389251709
726,1296,1488,0.5186761021614075
727,1296,367,0.5181227922439575
728,1296,1116,0.5171266794204712
729,1296,1360,0.5161867141723633
730,1296,1332,0.5155908465385437
731,1296,1258,0.5146805047988892
732,1296,1134,0.513728678226471
733,1296,596,0.5135688781738281
734,1296,805,0.5134795904159546
735,1296,314,0.5131431818008423
736,1296,1122,0.5126630663871765
737,1296,130,0.510903537273407
738,1296,923,0.5107189416885376
739,1296,204,0.5105906128883362
740,1296,9,0.5103456974029541
741,1296,849,0.5103366374969482
742,1296,648,0.5101101398468018
743,1296,962,0.5090936422348022
744,1296,16,0.5089045763015747
745,1296,1294,0.5081403255462646
746,1296,142,0.5072420835494995
747,1296,1165,0.506624162197113
748,1296,214,0.506582498550415
749,1296,73,0.5065059661865234
750,1296,615,0.5064617991447449
751,1296,552,0.5061562657356262
752,1296,1214,0.5048211216926575
753,1296,741,0.5048143267631531
754,1296,1477,0.5048038363456726
755,1296,1263,0.5046830773353577
756,1296,794,0.504659116268158
757,1296,1070,0.5045321583747864
758,1296,113,0.5039865374565125
759,1296,1374,0.5038239359855652
760,1296,841,0.5034555196762085
761,1296,1130,0.5028336644172668
762,1296,1090,0.5023924708366394
763,1296,470,0.5021836757659912
764,1296,1493,0.5020825266838074
765,1296,1162,0.5019699335098267
766,1296,1471,0.5015411972999573
767,1296,801,0.5015190243721008
768,1296,1303,0.5005447864532471
769,1296,458,0.49957454204559326
770,1296,620,0.4989057779312134
771,1296,209,0.49889543652534485
772,1296,361,0.4986598491668701
773,1296,762,0.4983730912208557
774,1296,607,0.49831461906433105
775,1296,357,0.4975302219390869
776,1296,1430,0.49739977717399597
777,1296,1073,0.4962560832500458
778,1296,963,0.4959750175476074
779,1296,67,0.4956883192062378
780,1296,29,0.4956691265106201
781,1296,170,0.49563199281692505
782,1296,821,0.49534836411476135
783,1296,917,0.4950117766857147
784,1296,185,0.49494320154190063
785,1296,197,0.4948992133140564
786,1296,1286,0.49485573172569275
787,1296,792,0.49429258704185486
788,1296,1486,0.49390971660614014
789,1296,1018,0.4936310946941376
790,1296,914,0.4935571849346161
791,1296,419,0.4929981231689453
792,1296,946,0.4928167760372162
793,1296,1072,0.49273383617401123
794,1296,1531,0.49257832765579224
795,1296,230,0.492519348859787
796,1296,1107,0.4924909770488739
797,1296,178,0.4922322630882263
798,1296,1187,0.49221888184547424
799,1296,1011,0.4922029376029968
800,1296,979,0.4916302263736725
801,1296,1094,0.4913531541824341
802,1296,1466,0.4910687506198883
803,1296,743,0.4910421669483185
804,1296,1345,0.4908674359321594
805,1296,1039,0.4906468689441681
806,1296,1492,0.4904719889163971
807,1296,165,0.49004462361335754
808,1296,1136,0.4898092746734619
809,1296,1038,0.4896719455718994
810,1296,473,0.4895015060901642
811,1296,96,0.48894497752189636
812,1296,1452,0.4886315166950226
813,1296,507,0.4886108934879303
814,1296,1368,0.4885603189468384
815,1296,1013,0.4884481728076935
816,1296,19,0.48835626244544983
817,1296,784,0.4880817234516144
818,1296,1516,0.48781171441078186
819,1296,1248,0.4877666234970093
820,1296,829,0.4871963858604431
821,1296,997,0.4865371882915497
822,1296,959,0.48581889271736145
823,1296,953,0.48520174622535706
824,1296,896,0.4849732518196106
825,1296,554,0.4849434196949005
826,1296,848,0.48464563488960266
827,1296,952,0.4846097528934479
828,1296,358,0.4844781458377838
829,1296,536,0.48437753319740295
830,1296,218,0.4841368496417999
831,1296,239,0.4839071035385132
832,1296,893,0.4839053153991699
833,1296,542,0.48381754755973816
834,1296,693,0.4837873578071594
835,1296,1188,0.48329415917396545
836,1296,894,0.4832148253917694
837,1296,553,0.48290759325027466
838,1296,287,0.4824385643005371
839,1296,950,0.48184478282928467
840,1296,1256,0.4818340241909027
841,1296,1081,0.4816482365131378
842,1296,190,0.4812870919704437
843,1296,0,0.4810730814933777
844,1296,954,0.4806392788887024
845,1296,948,0.4802814722061157
846,1296,587,0.4800567626953125
847,1296,980,0.47973865270614624
848,1296,176,0.4796763062477112
849,1296,1215,0.4792175889015198
850,1296,1220,0.47905105352401733
851,1296,198,0.4788912832736969
852,1296,835,0.47864899039268494
853,1296,597,0.4781961441040039
854,1296,491,0.47745978832244873
855,1296,579,0.47731173038482666
856,1296,727,0.4772668480873108
857,1296,931,0.4772397577762604
858,1296,889,0.47721338272094727
859,1296,718,0.4770912230014801
860,1296,581,0.47704628109931946
861,1296,322,0.47680994868278503
862,1296,493,0.4767795205116272
863,1296,673,0.4767443537712097
864,1296,254,0.4760465919971466
865,1296,1426,0.47586604952812195
866,1296,1177,0.4758172333240509
867,1296,828,0.4758099913597107
868,1296,1014,0.47571229934692383
869,1296,1054,0.4756895899772644
870,1296,30,0.47542551159858704
871,1296,495,0.4750458896160126
872,1296,1253,0.47503095865249634
873,1296,606,0.4749782383441925
874,1296,191,0.47429102659225464
875,1296,1171,0.4738672971725464
876,1296,452,0.4737527370452881
877,1296,210,0.4735543429851532
878,1296,1010,0.4734758138656616
879,1296,1017,0.473233699798584
880,1296,1115,0.4727447032928467
881,1296,288,0.47244933247566223
882,1296,1092,0.4723121225833893
883,1296,13,0.4720318615436554
884,1296,591,0.4719780683517456
885,1296,1371,0.47189226746559143
886,1296,949,0.47144395112991333
887,1296,1084,0.4704040288925171
888,1296,922,0.4701017439365387
889,1296,1378,0.47009992599487305
890,1296,577,0.4700230658054352
891,1296,897,0.46992889046669006
892,1296,300,0.4692073166370392
893,1296,5,0.46911585330963135
894,1296,1176,0.46895545721054077
895,1296,771,0.4685705304145813
896,1296,8,0.4684343934059143
897,1296,268,0.4684065878391266
898,1296,508,0.4678419232368469
899,1296,1120,0.46752414107322693
900,1296,303,0.46741625666618347
901,1296,1497,0.4665783941745758
902,1296,547,0.4660243093967438
903,1296,472,0.4653518497943878
904,1296,1439,0.4653240144252777
905,1296,1100,0.4652964472770691
906,1296,601,0.4646551012992859
907,1296,297,0.46445706486701965
908,1296,490,0.4643377363681793
909,1296,447,0.4641536474227905
910,1296,109,0.4639948308467865
911,1296,951,0.4638553857803345
912,1296,499,0.4637536406517029
913,1296,996,0.46314501762390137
914,1296,1105,0.4626029431819916
915,1296,382,0.4623381197452545
916,1296,1424,0.46215906739234924
917,1296,517,0.46205848455429077
918,1296,1379,0.4619709551334381
919,1296,1394,0.46164005994796753
920,1296,1255,0.46140116453170776
921,1296,53,0.46126946806907654
922,1296,1,0.4609362781047821
923,1296,1161,0.46092647314071655
924,1296,599,0.4607318043708801
925,1296,755,0.4600470960140228
926,1296,932,0.4599241018295288
927,1296,502,0.459795743227005
928,1296,489,0.4596574604511261
929,1296,196,0.4596407413482666
930,1296,237,0.45960959792137146
931,1296,1432,0.45933642983436584
932,1296,451,0.45915481448173523
933,1296,1112,0.45901206135749817
934,1296,565,0.45865771174430847
935,1296,944,0.4576161801815033
936,1296,892,0.4574567377567291
937,1296,1155,0.4573504328727722
938,1296,91,0.4571049213409424
939,1296,857,0.4568586051464081
940,1296,976,0.4568081796169281
941,1296,1377,0.4562360942363739
942,1296,72,0.4555043578147888
943,1296,1085,0.45547768473625183
944,1296,937,0.45536118745803833
945,1296,1068,0.454409122467041
946,1296,320,0.45417967438697815
947,1296,448,0.45338815450668335
948,1296,462,0.45265063643455505
949,1296,1423,0.4525393843650818
950,1296,263,0.4523678719997406
951,1296,804,0.4520971179008484
952,1296,905,0.45200520753860474
953,1296,909,0.4518651068210602
954,1296,865,0.4518040120601654
955,1296,258,0.4514315724372864
956,1296,729,0.4510399103164673
957,1296,903,0.4503730833530426
958,1296,993,0.4502279460430145
959,1296,576,0.45004650950431824
960,1296,1163,0.44981643557548523
961,1296,984,0.44966214895248413
962,1296,921,0.4493418037891388
963,1296,98,0.449287086725235
964,1296,1189,0.44925278425216675
965,1296,291,0.4485146701335907
966,1296,926,0.4483855366706848
967,1296,1077,0.44829583168029785
968,1296,122,0.44815561175346375
969,1296,510,0.44811248779296875
970,1296,1088,0.44802412390708923
971,1296,1096,0.44778236746788025
972,1296,919,0.4470645487308502
973,1296,1083,0.4470538794994354
974,1296,468,0.44689762592315674
975,1296,251,0.4468657374382019
976,1296,271,0.4466799795627594
977,1296,202,0.446527361869812
978,1296,945,0.4464209973812103
979,1296,476,0.4463949501514435
980,1296,1020,0.44624021649360657
981,1296,1056,0.4461679458618164
982,1296,1449,0.44574934244155884
983,1296,444,0.44561973214149475
984,1296,149,0.4455197751522064
985,1296,99,0.44546380639076233
986,1296,34,0.4453442394733429
987,1296,82,0.44505318999290466
988,1296,1201,0.44500425457954407
989,1296,1349,0.44452568888664246
990,1296,481,0.4445241093635559
991,1296,543,0.44419461488723755
992,1296,1191,0.4438386559486389
993,1296,281,0.44376856088638306
994,1296,518,0.443746417760849
995,1296,460,0.44335058331489563
996,1296,602,0.4431411921977997
997,1296,799,0.44303515553474426
998,1296,509,0.443004310131073
999,1296,384,0.44288739562034607
1000,1296,852,0.4428766369819641
1001,1296,958,0.4425923824310303
1002,1296,1491,0.44184938073158264
1003,1296,262,0.44171828031539917
1004,1296,691,0.4408154785633087
1005,1296,483,0.4404711425304413
1006,1296,18,0.4403035044670105
1007,1296,538,0.44011905789375305
1008,1296,999,0.4400809407234192
1009,1296,75,0.4400138258934021
1010,1296,1091,0.4399775266647339
1011,1296,1402,0.43991541862487793
1012,1296,129,0.4397127330303192
1013,1296,1059,0.43967288732528687
1014,1296,1186,0.4396287500858307
1015,1296,1032,0.43942999839782715
1016,1296,1114,0.43934643268585205
1017,1296,1184,0.4392188787460327
1018,1296,1044,0.43905359506607056
1019,1296,217,0.4383942186832428
1020,1296,521,0.4383717179298401
1021,1296,768,0.43818244338035583
1022,1296,307,0.4378162920475006
1023,1296,241,0.4375702142715454
1024,1296,1185,0.43703749775886536
1025,1296,373,0.4370238482952118
1026,1296,1027,0.43643712997436523
1027,1296,933,0.43633371591567993
1028,1296,858,0.43615472316741943
1029,1296,1302,0.4360731542110443
1030,1296,546,0.43599870800971985
1031,1296,537,0.4354432225227356
1032,1296,529,0.4351654648780823
1033,1296,294,0.4351418912410736
1034,1296,54,0.4348699152469635
1035,1296,928,0.4345964789390564
1036,1296,567,0.4343297481536865
1037,1296,1168,0.4340073764324188
1038,1296,600,0.43397632241249084
1039,1296,918,0.433779776096344
1040,1296,1093,0.43367528915405273
1041,1296,1138,0.4335424602031708
1042,1296,1042,0.4334801435470581
1043,1296,280,0.4332647919654846
1044,1296,309,0.4332265257835388
1045,1296,1087,0.4323616027832031
1046,1296,177,0.4322563409805298
1047,1296,1170,0.4320676326751709
1048,1296,484,0.431994765996933
1049,1296,229,0.43185919523239136
1050,1296,586,0.4318489134311676
1051,1296,899,0.43175578117370605
1052,1296,998,0.43154647946357727
1053,1296,140,0.4311846196651459
1054,1296,843,0.4305569529533386
1055,1296,1082,0.43055155873298645
1056,1296,338,0.4304567277431488
1057,1296,467,0.43045592308044434
1058,1296,1118,0.43018925189971924
1059,1296,1095,0.42934325337409973
1060,1296,471,0.4293036162853241
1061,1296,1369,0.429220050573349
1062,1296,1055,0.42917400598526
1063,1296,549,0.42904818058013916
1064,1296,569,0.4286413788795471
1065,1296,1304,0.4284360110759735
1066,1296,304,0.42807263135910034
1067,1296,560,0.42781347036361694
1068,1296,501,0.42779234051704407
1069,1296,301,0.42760342359542847
1070,1296,1237,0.4272868037223816
1071,1296,570,0.4269287884235382
1072,1296,608,0.4265328645706177
1073,1296,1386,0.42640602588653564
1074,1296,1065,0.4262506365776062
1075,1296,179,0.4262394905090332
1076,1296,1367,0.42561399936676025
1077,1296,535,0.4255748987197876
1078,1296,1147,0.4253743886947632
1079,1296,846,0.4253509044647217
1080,1296,512,0.42488977313041687
1081,1296,70,0.4248514473438263
1082,1296,175,0.42435503005981445
1083,1296,174,0.42401203513145447
1084,1296,981,0.42373088002204895
1085,1296,1393,0.423692911863327
1086,1296,1067,0.42358535528182983
1087,1296,1009,0.4225800633430481
1088,1296,562,0.42211997509002686
1089,1296,141,0.4219307601451874
1090,1296,1387,0.4219125807285309
1091,1296,1467,0.4216083586215973
1092,1296,279,0.4214199185371399
1093,1296,595,0.42125171422958374
1094,1296,519,0.4211132824420929
1095,1296,312,0.4208351969718933
1096,1296,118,0.4207097589969635
1097,1296,110,0.4206869602203369
1098,1296,457,0.4204852879047394
1099,1296,1041,0.4199434220790863
1100,1296,336,0.41966506838798523
1101,1296,1169,0.41966086626052856
1102,1296,454,0.4196318984031677
1103,1296,1045,0.41959238052368164
1104,1296,260,0.4193500876426697
1105,1296,772,0.4188869297504425
1106,1296,1139,0.41833630204200745
1107,1296,992,0.41819822788238525
1108,1296,1333,0.41798803210258484
1109,1296,58,0.41750842332839966
1110,1296,1384,0.4174644351005554
1111,1296,925,0.4174502491950989
1112,1296,566,0.41643068194389343
1113,1296,970,0.41639575362205505
1114,1296,1097,0.416109561920166
1115,1296,1133,0.416068971157074
1116,1296,25,0.41588377952575684
1117,1296,776,0.41583117842674255
1118,1296,910,0.4153965413570404
1119,1296,1463,0.41537579894065857
1120,1296,1348,0.4147910475730896
1121,1296,548,0.4147616922855377
1122,1296,1050,0.41468480229377747
1123,1296,60,0.41455134749412537
1124,1296,844,0.4144662022590637
1125,1296,1375,0.41444873809814453
1126,1296,498,0.4142287075519562
1127,1296,516,0.41413164138793945
1128,1296,1173,0.41409584879875183
1129,1296,199,0.4139461815357208
1130,1296,940,0.4138752222061157
1131,1296,1110,0.41348475217819214
1132,1296,1046,0.4133986234664917
1133,1296,84,0.4133502244949341
1134,1296,574,0.4133191406726837
1135,1296,313,0.4124950170516968
1136,1296,531,0.41180044412612915
1137,1296,1071,0.4114850163459778
1138,1296,362,0.41144371032714844
1139,1296,935,0.4113067388534546
1140,1296,1178,0.41070592403411865
1141,1296,555,0.40985187888145447
1142,1296,864,0.4097635746002197
1143,1296,226,0.40919560194015503
1144,1296,194,0.4091564416885376
1145,1296,90,0.4090307354927063
1146,1296,250,0.4088823199272156
1147,1296,995,0.40849825739860535
1148,1296,936,0.40794214606285095
1149,1296,1121,0.40771371126174927
1150,1296,515,0.40734103322029114
1151,1296,88,0.40711379051208496
1152,1296,465,0.40700915455818176
1153,1296,208,0.40682968497276306
1154,1296,530,0.4067155718803406
1155,1296,295,0.40653762221336365
1156,1296,1140,0.40621668100357056
1157,1296,431,0.40613773465156555
1158,1296,201,0.4061097800731659
1159,1296,1025,0.40579524636268616
1160,1296,111,0.40560925006866455
1161,1296,1146,0.40559613704681396
1162,1296,580,0.4048084020614624
1163,1296,223,0.40476086735725403
1164,1296,453,0.40454524755477905
1165,1296,974,0.40436047315597534
1166,1296,200,0.4040561616420746
1167,1296,842,0.4038196802139282
1168,1296,730,0.4032595753669739
1169,1296,255,0.40322887897491455
1170,1296,975,0.40303850173950195
1171,1296,513,0.40277615189552307
1172,1296,220,0.4025786519050598
1173,1296,480,0.40254682302474976
1174,1296,525,0.40240365266799927
1175,1296,112,0.4023227393627167
1176,1296,221,0.402079701423645
1177,1296,578,0.40174636244773865
1178,1296,929,0.4017179608345032
1179,1296,540,0.4011816084384918
1180,1296,985,0.401032954454422
1181,1296,1048,0.4009542763233185
1182,1296,1403,0.40093058347702026
1183,1296,1016,0.40076059103012085
1184,1296,1076,0.4002738893032074
1185,1296,1037,0.40017396211624146
1186,1296,1151,0.4000938832759857
1187,1296,1102,0.3998832106590271
1188,1296,4,0.39953356981277466
1189,1296,514,0.399209201335907
1190,1296,368,0.3990674316883087
1191,1296,380,0.39902111887931824
1192,1296,1078,0.3990200459957123
1193,1296,248,0.39894187450408936
1194,1296,1060,0.3988102674484253
1195,1296,315,0.39826202392578125
1196,1296,1141,0.39803561568260193
1197,1296,551,0.39787155389785767
1198,1296,482,0.3976558744907379
1199,1296,1135,0.3975754678249359
1200,1296,851,0.39706185460090637
1201,1296,819,0.3970133364200592
1202,1296,1434,0.39697471261024475
1203,1296,195,0.39688974618911743
1204,1296,593,0.3965919315814972
1205,1296,503,0.39616966247558594
1206,1296,598,0.396129846572876
1207,1296,456,0.3960690200328827
1208,1296,862,0.3960524797439575
1209,1296,150,0.3958171308040619
1210,1296,7,0.39477333426475525
1211,1296,583,0.39465656876564026
1212,1296,1142,0.3944298326969147
1213,1296,920,0.3944057524204254
1214,1296,585,0.39312994480133057
1215,1296,83,0.3930598199367523
1216,1296,259,0.3929743766784668
1217,1296,485,0.3929573893547058
1218,1296,121,0.39288023114204407
1219,1296,1404,0.3928084671497345
1220,1296,106,0.3925788402557373
1221,1296,1117,0.3924895226955414
1222,1296,1388,0.3920116722583771
1223,1296,965,0.39137566089630127
1224,1296,1157,0.39134472608566284
1225,1296,924,0.3911294639110565
1226,1296,469,0.39070531725883484
1227,1296,1469,0.3903319835662842
1228,1296,911,0.39029836654663086
1229,1296,1391,0.3899203836917877
1230,1296,108,0.38927140831947327
1231,1296,235,0.3882902264595032
1232,1296,450,0.38824400305747986
1233,1296,669,0.3880142271518707
1234,1296,534,0.387615829706192
1235,1296,930,0.3875933885574341
1236,1296,556,0.38702258467674255
1237,1296,604,0.3862043023109436
1238,1296,698,0.38570278882980347
1239,1296,107,0.3855457901954651
1240,1296,115,0.38552212715148926
1241,1296,1159,0.3842802941799164
1242,1296,526,0.38427528738975525
1243,1296,486,0.3824341893196106
1244,1296,302,0.3822724521160126
1245,1296,939,0.3822639584541321
1246,1296,1405,0.38224518299102783
1247,1296,1376,0.38202664256095886
1248,1296,308,0.3819097876548767
1249,1296,825,0.3817090690135956
1250,1296,272,0.38158467411994934
1251,1296,1035,0.3814529776573181
1252,1296,242,0.38105323910713196
1253,1296,1079,0.3810346722602844
1254,1296,861,0.38063985109329224
1255,1296,192,0.3806339204311371
1256,1296,104,0.380464643239975
1257,1296,298,0.3794791102409363
1258,1296,588,0.37895044684410095
1259,1296,1098,0.37865743041038513
1260,1296,1074,0.3784768879413605
1261,1296,847,0.3783414363861084
1262,1296,550,0.3783024549484253
1263,1296,568,0.3782688081264496
1264,1296,1373,0.3780444264411926
1265,1296,532,0.3777403235435486
1266,1296,1381,0.37762272357940674
1267,1296,156,0.37737736105918884
1268,1296,1150,0.37679654359817505
1269,1296,898,0.37628915905952454
1270,1296,523,0.3762659430503845
1271,1296,855,0.37624824047088623
1272,1296,1395,0.37566474080085754
1273,1296,1069,0.37496551871299744
1274,1296,124,0.3742806911468506
1275,1296,243,0.37385180592536926
1276,1296,1358,0.3735881447792053
1277,1296,854,0.3714997470378876
1278,1296,934,0.37128379940986633
1279,1296,1347,0.3711051344871521
1280,1296,592,0.37065133452415466
1281,1296,973,0.3701694905757904
1282,1296,245,0.3700012266635895
1283,1296,120,0.3687340319156647
1284,1296,1043,0.36855921149253845
1285,1296,731,0.3684002459049225
1286,1296,845,0.36824479699134827
1287,1296,1086,0.36809098720550537
1288,1296,1030,0.36793842911720276
1289,1296,117,0.36784258484840393
1290,1296,983,0.367210328578949
1291,1296,856,0.3671106994152069
1292,1296,1111,0.3664943277835846
1293,1296,131,0.3661137819290161
1294,1296,1158,0.365579217672348
1295,1296,278,0.36531445384025574
1296,1296,238,0.36439579725265503
1297,1296,292,0.36422476172447205
1298,1296,1040,0.3641986548900604
1299,1296,1113,0.3640100061893463
1300,1296,1002,0.3639698922634125
1301,1296,244,0.36393770575523376
1302,1296,988,0.3638477325439453
1303,1296,500,0.3633466958999634
1304,1296,1156,0.3621053993701935
1305,1296,289,0.36185789108276367
1306,1296,1003,0.36147555708885193
1307,1296,488,0.361354798078537
1308,1296,1033,0.36037009954452515
1309,1296,1152,0.3595445156097412
1310,1296,589,0.3593696653842926
1311,1296,1036,0.3591350018978119
1312,1296,305,0.35908007621765137
1313,1296,85,0.3590778708457947
1314,1296,247,0.3581697642803192
1315,1296,990,0.3579866886138916
1316,1296,906,0.3579771816730499
1317,1296,1128,0.35781291127204895
1318,1296,228,0.3575509190559387
1319,1296,408,0.3574265241622925
1320,1296,261,0.3573482632637024
1321,1296,1350,0.35715383291244507
1322,1296,1465,0.3569091260433197
1323,1296,1221,0.35669684410095215
1324,1296,1137,0.35638388991355896
1325,1296,902,0.3563464283943176
1326,1296,1264,0.3561716675758362
1327,1296,571,0.35581114888191223
1328,1296,1400,0.3554587960243225
1329,1296,216,0.3548036813735962
1330,1296,1182,0.35467055439949036
1331,1296,545,0.3545018434524536
1332,1296,1132,0.35449454188346863
1333,1296,114,0.3543872535228729
1334,1296,1145,0.35423946380615234
1335,1296,912,0.3540639281272888
1336,1296,850,0.3537977635860443
1337,1296,219,0.35325518250465393
1338,1296,764,0.3530828654766083
1339,1296,559,0.35300302505493164
1340,1296,1103,0.3528287708759308
1341,1296,1382,0.35253000259399414
1342,1296,265,0.3523421883583069
1343,1296,81,0.3521990478038788
1344,1296,274,0.35206735134124756
1345,1296,1336,0.35190343856811523
1346,1296,524,0.3517768681049347
1347,1296,1057,0.3516712188720703
1348,1296,94,0.3515898883342743
1349,1296,558,0.35151103138923645
1350,1296,474,0.35103657841682434
1351,1296,86,0.35080990195274353
1352,1296,1119,0.35074302554130554
1353,1296,477,0.3500206768512726
1354,1296,101,0.34998461604118347
1355,1296,972,0.348829448223114
1356,1296,563,0.34819141030311584
1357,1296,146,0.3480188548564911
1358,1296,539,0.347903847694397
1359,1296,35,0.34650856256484985
1360,1296,283,0.3460584580898285
1361,1296,123,0.34572720527648926
1362,1296,1058,0.34530866146087646
1363,1296,212,0.3448043465614319
1364,1296,1398,0.3447604477405548
1365,1296,1126,0.3438672125339508
1366,1296,1266,0.3438194692134857
1367,1296,236,0.34380629658699036
1368,1296,1401,0.34369704127311707
1369,1296,10,0.3436804413795471
1370,1296,967,0.3435364365577698
1371,1296,76,0.3434101343154907
1372,1296,991,0.3432003855705261
1373,1296,1366,0.34302493929862976
1374,1296,213,0.3428674638271332
1375,1296,102,0.34256288409233093
1376,1296,533,0.3416491448879242
1377,1296,222,0.3411979675292969
1378,1296,1053,0.3411676287651062
1379,1296,891,0.3409639596939087
1380,1296,275,0.3407396674156189
1381,1296,1124,0.3395445942878723
1382,1296,966,0.33950042724609375
1383,1296,1166,0.3389573097229004
1384,1296,961,0.33860573172569275
1385,1296,1007,0.3379521667957306
1386,1296,103,0.3371979892253876
1387,1296,1108,0.33702564239501953
1388,1296,105,0.33688706159591675
1389,1296,466,0.3359994888305664
1390,1296,1372,0.33593136072158813
1391,1296,908,0.3358493745326996
1392,1296,582,0.3357301652431488
1393,1296,504,0.33568185567855835
1394,1296,1385,0.3355047404766083
1395,1296,1175,0.3353138566017151
1396,1296,1101,0.3350633978843689
1397,1296,233,0.33500656485557556
1398,1296,1061,0.3344860076904297
1399,1296,1397,0.3331361413002014
1400,1296,1530,0.3320428431034088
1401,1296,1106,0.3318026065826416
1402,1296,26,0.33144474029541016
1403,1296,1049,0.33131566643714905
1404,1296,1034,0.3310498595237732
1405,1296,1125,0.3309665024280548
1406,1296,225,0.3306998014450073
1407,1296,215,0.3303309381008148
1408,1296,310,0.33020418882369995
1409,1296,1004,0.32951343059539795
1410,1296,927,0.32949748635292053
1411,1296,125,0.3286900222301483
1412,1296,285,0.32825326919555664
1413,1296,853,0.3279506266117096
1414,1296,1399,0.3273487389087677
1415,1296,273,0.3256072998046875
1416,1296,1148,0.32546278834342957
1417,1296,987,0.325366735458374
1418,1296,264,0.324459969997406
1419,1296,1181,0.32439401745796204
1420,1296,863,0.323987752199173
1421,1296,1392,0.32381248474121094
1422,1296,119,0.3231036365032196
1423,1296,80,0.3228743374347687
1424,1296,240,0.3222426176071167
1425,1296,947,0.3214101493358612
1426,1296,487,0.31975626945495605
1427,1296,461,0.31959882378578186
1428,1296,296,0.3193702697753906
1429,1296,1179,0.3190620541572571
1430,1296,1351,0.3190116882324219
1431,1296,464,0.31806179881095886
1432,1296,1362,0.317415714263916
1433,1296,1274,0.3173728287220001
1434,1296,1000,0.3173145353794098
1435,1296,116,0.31720784306526184
1436,1296,224,0.3168303966522217
1437,1296,1389,0.31616029143333435
1438,1296,234,0.31513693928718567
1439,1296,232,0.31464269757270813
1440,1296,93,0.3137369453907013
1441,1296,56,0.3135877847671509
1442,1296,95,0.31346559524536133
1443,1296,252,0.3132619857788086
1444,1296,505,0.3128948211669922
1445,1296,1099,0.31238341331481934
1446,1296,1064,0.3119683563709259
1447,1296,971,0.3116183876991272
1448,1296,584,0.3110584020614624
1449,1296,20,0.30993276834487915
1450,1296,1361,0.3098284900188446
1451,1296,1047,0.3094881772994995
1452,1296,1160,0.3094484806060791
1453,1296,87,0.30912578105926514
1454,1296,89,0.3088444173336029
1455,1296,907,0.30777090787887573
1456,1296,231,0.3071644902229309
1457,1296,575,0.3070712685585022
1458,1296,1052,0.3070274889469147
1459,1296,227,0.30678805708885193
1460,1296,256,0.3066745102405548
1461,1296,1396,0.30609673261642456
1462,1296,319,0.3059455156326294
1463,1296,915,0.3045019209384918
1464,1296,1356,0.3037438988685608
1465,1296,407,0.3037329316139221
1466,1296,541,0.30242547392845154
1467,1296,1383,0.3019859194755554
1468,1296,904,0.301580011844635
1469,1296,1364,0.30139604210853577
1470,1296,211,0.3005351424217224
1471,1296,1153,0.30031999945640564
1472,1296,1062,0.3002888858318329
1473,1296,913,0.2998402416706085
1474,1296,1066,0.2998250722885132
1475,1296,1154,0.29895153641700745
1476,1296,97,0.29839184880256653
1477,1296,590,0.2983188033103943
1478,1296,1149,0.29712533950805664
1479,1296,1390,0.2960551977157593
1480,1296,511,0.2957996726036072
1481,1296,1089,0.29469022154808044
1482,1296,1285,0.2944318354129791
1483,1296,1325,0.29390737414360046
1484,1296,603,0.29299449920654297
1485,1296,1023,0.29188379645347595
1486,1296,977,0.2918139100074768
1487,1296,859,0.29154255986213684
1488,1296,561,0.29039227962493896
1489,1296,257,0.29038870334625244
1490,1296,52,0.2899254560470581
1491,1296,1015,0.2898869812488556
1492,1296,1143,0.28857773542404175
1493,1296,277,0.2876681387424469
1494,1296,306,0.28756508231163025
1495,1296,246,0.2874603271484375
1496,1296,270,0.2874603271484375
1497,1296,290,0.2874603271484375
1498,1296,282,0.2874603271484375
1499,1296,267,0.2874603271484375
1500,1296,100,0.2874603271484375
1501,1296,1167,0.2874603271484375
1502,1296,269,0.2874603271484375
1503,1296,276,0.2874603271484375
1504,1296,253,0.2874603271484375
1505,1296,284,0.2874603271484375
1506,1296,1075,0.2874603271484375
1507,1296,866,0.2874603271484375
1508,1296,299,0.2874603271484375
1509,1296,696,0.2872435748577118
1510,1296,544,0.2872079610824585
1511,1296,492,0.28593331575393677
1512,1296,92,0.2853674292564392
1513,1296,1354,0.28130239248275757
1514,1296,249,0.28077104687690735
1515,1296,1144,0.28056687116622925
1516,1296,1528,0.2796090245246887
1517,1296,79,0.27895617485046387
1518,1296,1172,0.27722787857055664
1519,1296,901,0.27718788385391235
1520,1296,1006,0.27426543831825256
1521,1296,42,0.2714203894138336
1522,1296,311,0.26900649070739746
1523,1296,1353,0.2668524980545044
1524,1296,955,0.2611082196235657
1525,1296,1355,0.25780928134918213
1526,1296,1352,0.2568301260471344
1527,1296,1129,0.2540745437145233
1528,1296,900,0.2515602111816406
1529,1296,1005,0.2505400776863098
1530,1296,1314,0.23758675158023834
1531,1296,1346,0.23690064251422882
1532,1296,1123,0.22542083263397217
