,similarity,prod_num
0,0.9999999403953552,851
1,0.6574209332466125,138
2,0.6198504567146301,189
3,0.6193317770957947,1250
4,0.6095542907714844,511
5,0.6090531945228577,1294
6,0.6045839190483093,592
7,0.6036607623100281,479
8,0.6032156348228455,853
9,0.602070689201355,396
10,0.600548505783081,204
11,0.5981560349464417,1094
12,0.5934932827949524,1400
13,0.5931362509727478,118
14,0.5923666954040527,85
15,0.5917400121688843,1759
16,0.5912392139434814,464
17,0.5906326174736023,2065
18,0.5857266783714294,487
19,0.5837991237640381,1012
20,0.5819807648658752,560
21,0.58123779296875,1350
22,0.5811231732368469,416
23,0.5805339217185974,1337
24,0.5795881748199463,1801
25,0.5787036418914795,126
26,0.5778296589851379,1577
27,0.5776140689849854,1384
28,0.576842188835144,338
29,0.5762901902198792,1038
30,0.5756635665893555,58
31,0.5750972628593445,649
32,0.5743471384048462,1259
33,0.5736659169197083,1773
34,0.5734997391700745,1262
35,0.5722042918205261,1853
36,0.571725070476532,1893
37,0.5699798464775085,49
38,0.5698282122612,1330
39,0.5687132477760315,991
40,0.5677035450935364,306
41,0.5662448406219482,2107
42,0.5662422180175781,202
43,0.5658274292945862,1399
44,0.5656695365905762,1426
45,0.5653461217880249,375
46,0.5646905303001404,1160
47,0.5645864009857178,1794
48,0.5638551712036133,482
49,0.5624822974205017,582
50,0.5610164999961853,1286
51,0.560872495174408,1203
52,0.5604131817817688,1606
53,0.5601410865783691,494
54,0.559978723526001,1010
55,0.5589125156402588,815
56,0.5575146675109863,457
57,0.5574972033500671,2013
58,0.554898738861084,1437
59,0.5546227097511292,1091
60,0.5543060898780823,1293
61,0.5539607405662537,1326
62,0.5534650683403015,211
63,0.5522664189338684,64
64,0.5510011911392212,833
65,0.5501297116279602,1090
66,0.54852294921875,374
67,0.5482432246208191,1126
68,0.5481095910072327,1355
69,0.548046350479126,1379
70,0.5473787784576416,1495
71,0.5470346212387085,496
72,0.5468699336051941,1327
73,0.5467337369918823,1770
74,0.5466170907020569,1864
75,0.5463183522224426,650
76,0.5453776717185974,166
77,0.5450187921524048,773
78,0.5446983575820923,651
79,0.5445379018783569,1033
80,0.5443241000175476,136
81,0.54344642162323,834
82,0.5433495044708252,144
83,0.5430184006690979,1349
84,0.5415107607841492,80
85,0.5410048961639404,476
86,0.5406543612480164,996
87,0.5405552387237549,1257
88,0.5398111343383789,887
89,0.5393496751785278,220
90,0.5391631126403809,1151
91,0.5387468934059143,1638
92,0.5384540557861328,1583
93,0.538410484790802,171
94,0.5382606387138367,1403
95,0.5382041335105896,1146
96,0.5377401113510132,1827
97,0.5370281934738159,1261
98,0.5369700789451599,1758
99,0.5369146466255188,56
100,0.536613941192627,167
101,0.5364917516708374,861
102,0.5363025665283203,1335
103,0.5361870527267456,524
104,0.5349246263504028,1131
105,0.5338042974472046,2102
106,0.5330542325973511,72
107,0.5323952436447144,1501
108,0.5322478413581848,1340
109,0.5321475863456726,2014
110,0.5317710638046265,1560
111,0.5310853719711304,2010
112,0.5309059023857117,797
113,0.5307445526123047,183
114,0.530680775642395,746
115,0.5297460556030273,719
116,0.5290424227714539,1301
117,0.5283812880516052,1585
118,0.5280007123947144,1046
119,0.5278664231300354,345
120,0.5262523293495178,1345
121,0.526021420955658,433
122,0.525809109210968,1634
123,0.5257452726364136,1040
124,0.5256378650665283,510
125,0.5253549218177795,1099
126,0.5253542065620422,298
127,0.5253088474273682,1058
128,0.5252076983451843,1124
129,0.5251515507698059,1353
130,0.5247637033462524,1809
131,0.5247001647949219,1016
132,0.5240573287010193,1733
133,0.523829460144043,84
134,0.5235432386398315,1420
135,0.5231306552886963,1457
136,0.5227645039558411,1870
137,0.5226715803146362,1332
138,0.5223284959793091,1052
139,0.5221635103225708,1849
140,0.5199019908905029,2067
141,0.5198643207550049,195
142,0.519734263420105,1505
143,0.5195160508155823,1365
144,0.5190316438674927,2028
145,0.518867552280426,860
146,0.5187246799468994,1134
147,0.5183912515640259,1111
148,0.5181319117546082,344
149,0.5181254148483276,386
150,0.518011212348938,600
151,0.5176523327827454,757
152,0.5176475644111633,370
153,0.5173233151435852,43
154,0.5164598822593689,1043
155,0.5160105228424072,1742
156,0.5159918665885925,1243
157,0.5158941149711609,1092
158,0.515680193901062,855
159,0.5154783129692078,257
160,0.5148501992225647,1993
161,0.5146699547767639,497
162,0.5144124031066895,1524
163,0.5143216252326965,93
164,0.5136038661003113,955
165,0.5131339430809021,170
166,0.5130786895751953,594
167,0.5127443671226501,256
168,0.5123655796051025,620
169,0.5123003721237183,1338
170,0.5122257471084595,1148
171,0.5119859576225281,1630
172,0.5119112730026245,232
173,0.5117264986038208,339
174,0.511701226234436,1047
175,0.5116121172904968,289
176,0.5107769966125488,1448
177,0.5105955004692078,968
178,0.5103817582130432,2089
179,0.5101680755615234,972
180,0.510158896446228,1496
181,0.5095531344413757,201
182,0.5090598464012146,1974
183,0.5090286135673523,1381
184,0.5090112686157227,1103
185,0.5087835192680359,2003
186,0.5080047249794006,291
187,0.5077934861183167,1492
188,0.5077895522117615,731
189,0.5077364444732666,1669
190,0.5070282816886902,715
191,0.5068002343177795,437
192,0.5067771077156067,337
193,0.5046705007553101,631
194,0.5046191215515137,785
195,0.5045322775840759,2066
196,0.5043932199478149,1598
197,0.504185140132904,54
198,0.5038052797317505,459
199,0.5036397576332092,1209
200,0.5035997629165649,738
201,0.5028793215751648,1245
202,0.5027103424072266,188
203,0.5026447772979736,340
204,0.5024001002311707,1336
205,0.501539945602417,1331
206,0.5002889633178711,717
207,0.5002619028091431,1503
208,0.49988359212875366,1551
209,0.4997521936893463,415
210,0.4994718134403229,121
211,0.4991961121559143,1828
212,0.49918973445892334,159
213,0.4991207718849182,2050
214,0.49883371591567993,2081
215,0.4988290071487427,164
216,0.49879735708236694,1405
217,0.49877169728279114,39
218,0.4983290135860443,102
219,0.4979934096336365,152
220,0.49723076820373535,1730
221,0.4961864948272705,221
222,0.49588435888290405,141
223,0.49550941586494446,199
224,0.4953863322734833,376
225,0.494925320148468,1531
226,0.49443286657333374,230
227,0.4944198429584503,1383
228,0.49423331022262573,1984
229,0.49421781301498413,1297
230,0.494146466255188,286
231,0.49359267950057983,1968
232,0.4927976727485657,1425
233,0.49269068241119385,191
234,0.49257808923721313,1279
235,0.4923036992549896,1013
236,0.4918533265590668,42
237,0.49167171120643616,1021
238,0.4913522005081177,1969
239,0.491159588098526,194
240,0.49095791578292847,566
241,0.49085837602615356,2070
242,0.4907933175563812,1988
243,0.49070921540260315,281
244,0.49040448665618896,227
245,0.49016547203063965,722
246,0.4898153841495514,402
247,0.4896664023399353,1639
248,0.48922908306121826,960
249,0.48883992433547974,1620
250,0.4888231158256531,808
251,0.4883641004562378,409
252,0.4879647493362427,192
253,0.4879135191440582,602
254,0.48786717653274536,1466
255,0.4877417981624603,40
256,0.48736587166786194,1885
257,0.4872925579547882,329
258,0.4869733154773712,23
259,0.4867892563343048,393
260,0.4862269163131714,25
261,0.4858630895614624,1030
262,0.48574385046958923,586
263,0.48540833592414856,352
264,0.48525115847587585,978
265,0.4851231575012207,24
266,0.4850377142429352,77
267,0.48473453521728516,1803
268,0.4841533303260803,1617
269,0.48345497250556946,1122
270,0.48342302441596985,2021
271,0.48305416107177734,2079
272,0.48280954360961914,67
273,0.48228365182876587,94
274,0.4822674095630646,2
275,0.48222458362579346,1054
276,0.4817759692668915,888
277,0.48163965344429016,1644
278,0.4815583825111389,1527
279,0.48141035437583923,477
280,0.48127928376197815,134
281,0.48100608587265015,247
282,0.4809893071651459,316
283,0.48046422004699707,1309
284,0.48040950298309326,1591
285,0.48024266958236694,1378
286,0.48024266958236694,1354
287,0.48002779483795166,475
288,0.4797498285770416,937
289,0.4797438383102417,2007
290,0.4796109199523926,438
291,0.4795544445514679,1850
292,0.4795228838920593,939
293,0.4789634943008423,1876
294,0.47882893681526184,135
295,0.4785686433315277,705
296,0.4784717559814453,284
297,0.47834834456443787,1075
298,0.4783284366130829,2036
299,0.4783051908016205,593
300,0.47805094718933105,652
301,0.4779454469680786,1846
302,0.47776779532432556,1375
303,0.47756853699684143,70
304,0.47741034626960754,2027
305,0.47735950350761414,801
306,0.477321594953537,1888
307,0.47678014636039734,849
308,0.4767545163631439,451
309,0.47674959897994995,1063
310,0.4765949249267578,1924
311,0.476391077041626,2046
312,0.47606566548347473,1734
313,0.47591304779052734,890
314,0.47519129514694214,1904
315,0.47451141476631165,59
316,0.47433823347091675,1393
317,0.47425082325935364,2033
318,0.47419455647468567,527
319,0.4741578698158264,1522
320,0.47376665472984314,2052
321,0.4735817015171051,988
322,0.4734303653240204,1789
323,0.4731326103210449,356
324,0.47296905517578125,1324
325,0.47263678908348083,1470
326,0.47233614325523376,820
327,0.47207510471343994,1550
328,0.47178295254707336,800
329,0.47176027297973633,1455
330,0.47134554386138916,341
331,0.47133731842041016,901
332,0.4712713062763214,608
333,0.47082704305648804,1914
334,0.47071075439453125,1762
335,0.4706224799156189,8
336,0.47054359316825867,783
337,0.4705120027065277,645
338,0.4701235294342041,1456
339,0.4693180322647095,362
340,0.4691104590892792,1048
341,0.46904581785202026,647
342,0.46884089708328247,1414
343,0.468634694814682,920
344,0.46819543838500977,454
345,0.46812036633491516,513
346,0.468077152967453,480
347,0.4680570662021637,521
348,0.46781468391418457,870
349,0.4677605628967285,1113
350,0.4676724970340729,850
351,0.4672609567642212,133
352,0.46724772453308105,17
353,0.4671679139137268,219
354,0.4671427607536316,266
355,0.46696552634239197,1625
356,0.4668351411819458,44
357,0.46674972772598267,1499
358,0.4664686620235443,1406
359,0.46639400720596313,397
360,0.4663209021091461,2000
361,0.46630561351776123,1737
362,0.4662300646305084,293
363,0.4660489559173584,965
364,0.46579745411872864,1618
365,0.46570342779159546,208
366,0.4654473066329956,1922
367,0.4652875065803528,1813
368,0.4652574062347412,187
369,0.465200811624527,150
370,0.4646478295326233,1120
371,0.46460631489753723,872
372,0.4642542600631714,1096
373,0.4638602137565613,445
374,0.4631260931491852,1068
375,0.46244439482688904,16
376,0.4623160660266876,698
377,0.46226295828819275,1202
378,0.461815744638443,83
379,0.4616340696811676,1281
380,0.4615854322910309,1732
381,0.46145913004875183,1361
382,0.4611692726612091,68
383,0.4611542820930481,2061
384,0.4608522057533264,568
385,0.460648775100708,1454
386,0.4605402648448944,1343
387,0.46050217747688293,716
388,0.46045026183128357,1896
389,0.4604269564151764,933
390,0.4602314233779907,1328
391,0.4598712623119354,1485
392,0.45969873666763306,798
393,0.45967164635658264,1862
394,0.459429532289505,456
395,0.45930013060569763,1035
396,0.45916983485221863,1289
397,0.4591450095176697,472
398,0.4591403305530548,816
399,0.45913586020469666,151
400,0.4587351083755493,2031
401,0.45863351225852966,1129
402,0.45836710929870605,532
403,0.45805084705352783,844
404,0.4579625129699707,466
405,0.45793306827545166,1781
406,0.4578481614589691,1767
407,0.4576811194419861,648
408,0.4572940766811371,200
409,0.45693257451057434,629
410,0.4567848742008209,517
411,0.4566945731639862,236
412,0.45650550723075867,690
413,0.4562077224254608,206
414,0.4561774432659149,1782
415,0.45591068267822266,369
416,0.4558674097061157,207
417,0.4558638334274292,780
418,0.45578843355178833,1890
419,0.4554767310619354,1418
420,0.4553532898426056,1195
421,0.45529904961586,1299
422,0.4550696015357971,1971
423,0.45506197214126587,1839
424,0.45489683747291565,301
425,0.4544034004211426,559
426,0.4544006884098053,354
427,0.45427554845809937,1408
428,0.4537159204483032,131
429,0.45346716046333313,426
430,0.4534573256969452,127
431,0.4534527659416199,371
432,0.4533124268054962,2039
433,0.4530612826347351,1421
434,0.45289525389671326,1931
435,0.45276620984077454,1242
436,0.4527454078197479,1666
437,0.45258578658103943,1044
438,0.4525841474533081,563
439,0.45250582695007324,1541
440,0.4524640440940857,1840
441,0.45242199301719666,452
442,0.45224836468696594,157
443,0.45223891735076904,435
444,0.4522010087966919,555
445,0.4519433379173279,554
446,0.45182421803474426,640
447,0.45163580775260925,891
448,0.45163121819496155,248
449,0.45156216621398926,770
450,0.4513094425201416,158
451,0.45095109939575195,1940
452,0.45092639327049255,1852
453,0.4507623314857483,1539
454,0.4507351517677307,1996
455,0.45057472586631775,381
456,0.4505685865879059,534
457,0.4501153826713562,1580
458,0.4501069486141205,1741
459,0.4494308531284332,1190
460,0.4491562843322754,1004
461,0.4490770399570465,385
462,0.44900646805763245,575
463,0.44895318150520325,2041
464,0.44892388582229614,1310
465,0.4489058554172516,154
466,0.44889625906944275,1976
467,0.44842529296875,883
468,0.44824856519699097,234
469,0.4477529525756836,1348
470,0.4477361738681793,1928
471,0.447619765996933,265
472,0.44752436876296997,692
473,0.4473670423030853,1707
474,0.4473116397857666,1445
475,0.44724833965301514,215
476,0.44704651832580566,607
477,0.4469142258167267,491
478,0.44661298394203186,1401
479,0.44657954573631287,278
480,0.4460636377334595,662
481,0.4459916949272156,358
482,0.4458557963371277,389
483,0.44569143652915955,1778
484,0.44563978910446167,1271
485,0.4456351697444916,1086
486,0.4453977048397064,82
487,0.44511914253234863,900
488,0.44507071375846863,78
489,0.44492536783218384,2030
490,0.4447951316833496,273
491,0.4447678029537201,98
492,0.4445582628250122,1051
493,0.44450050592422485,283
494,0.44438648223876953,1601
495,0.44429194927215576,473
496,0.4440293312072754,441
497,0.44350358843803406,1201
498,0.4433690011501312,384
499,0.4431314766407013,1692
500,0.4431067705154419,274
501,0.44256022572517395,791
502,0.44250792264938354,168
503,0.4422175884246826,1212
504,0.44218289852142334,606
505,0.44203808903694153,1701
506,0.44201064109802246,2016
507,0.4414060115814209,644
508,0.4413623511791229,1891
509,0.44106602668762207,1224
510,0.44104066491127014,561
511,0.4407062828540802,821
512,0.44068050384521484,1308
513,0.44063836336135864,725
514,0.440316379070282,553
515,0.44016310572624207,1389
516,0.4401111900806427,351
517,0.43997883796691895,1057
518,0.4397466778755188,1952
519,0.4397237300872803,2098
520,0.4392429292201996,95
521,0.43908146023750305,1087
522,0.4390158951282501,1006
523,0.43900126218795776,1468
524,0.4388595223426819,1911
525,0.4387238621711731,876
526,0.43793144822120667,1440
527,0.43770939111709595,1217
528,0.437624454498291,1753
529,0.43753355741500854,1821
530,0.4374247193336487,779
531,0.43740198016166687,1748
532,0.4373328685760498,1942
533,0.4371301233768463,1391
534,0.4368823170661926,1779
535,0.43679794669151306,1493
536,0.43678227066993713,1452
537,0.43644970655441284,1385
538,0.43644076585769653,1346
539,0.43637970089912415,1007
540,0.4362791180610657,1222
541,0.43614402413368225,392
542,0.43597811460494995,540
543,0.43570029735565186,726
544,0.43557798862457275,0
545,0.4354915916919708,1431
546,0.43538886308670044,1509
547,0.43531060218811035,398
548,0.4350813627243042,1481
549,0.43508005142211914,1249
550,0.43506643176078796,951
551,0.43506643176078796,596
552,0.4349021017551422,981
553,0.43486443161964417,1908
554,0.4345952272415161,296
555,0.4345342218875885,391
556,0.4344950318336487,147
557,0.43426597118377686,181
558,0.4340769052505493,304
559,0.43357595801353455,198
560,0.4333091676235199,1001
561,0.4331977963447571,1784
562,0.4331136643886566,1874
563,0.43299922347068787,1990
564,0.4328002631664276,680
565,0.43276655673980713,1578
566,0.43262550234794617,1078
567,0.4324926435947418,603
568,0.43204960227012634,1837
569,0.43201392889022827,1983
570,0.4318428933620453,641
571,0.4317888021469116,1592
572,0.4317084550857544,357
573,0.43169113993644714,1034
574,0.431430846452713,1589
575,0.4311647415161133,674
576,0.4310509264469147,468
577,0.43071848154067993,128
578,0.4304475486278534,893
579,0.43023690581321716,1184
580,0.43016529083251953,1390
581,0.43013450503349304,1073
582,0.430118590593338,1530
583,0.42994803190231323,1989
584,0.4297013282775879,1954
585,0.42963531613349915,196
586,0.4294204115867615,1288
587,0.4294194281101227,114
588,0.4290807247161865,1523
589,0.42901888489723206,571
590,0.42898812890052795,226
591,0.42888143658638,1738
592,0.4287877380847931,1731
593,0.42866671085357666,691
594,0.4286242723464966,950
595,0.4284234941005707,2043
596,0.428063303232193,595
597,0.42789241671562195,810
598,0.42788630723953247,931
599,0.4278193712234497,755
600,0.42771685123443604,1182
601,0.4276849925518036,1973
602,0.42766740918159485,515
603,0.42765218019485474,924
604,0.4276176989078522,1185
605,0.4273967742919922,769
606,0.42737552523612976,1609
607,0.42718061804771423,246
608,0.4271777272224426,628
609,0.427175372838974,763
610,0.4271181523799896,421
611,0.42705249786376953,442
612,0.4270438849925995,1138
613,0.4269241988658905,998
614,0.4268662631511688,1320
615,0.4267764985561371,112
616,0.42648494243621826,1825
617,0.42644497752189636,1276
618,0.4262078106403351,218
619,0.4261651635169983,1649
620,0.42615246772766113,11
621,0.4260702431201935,1791
622,0.42598995566368103,973
623,0.42597252130508423,1083
624,0.4258025586605072,336
625,0.4256943464279175,55
626,0.4256714880466461,1283
627,0.4255335032939911,88
628,0.4254893958568573,854
629,0.42548006772994995,1502
630,0.42541226744651794,544
631,0.42499107122421265,309
632,0.4249434173107147,1372
633,0.4249413311481476,279
634,0.4248323440551758,1387
635,0.42482656240463257,1647
636,0.42475759983062744,1525
637,0.4246969521045685,173
638,0.4246498942375183,1112
639,0.4245049059391022,788
640,0.4242156744003296,537
641,0.4239509403705597,277
642,0.4239036440849304,643
643,0.4238787889480591,533
644,0.42382389307022095,303
645,0.4237591326236725,302
646,0.42340803146362305,1275
647,0.4233578145503998,1835
648,0.4231887757778168,1529
649,0.42300641536712646,1561
650,0.4229629933834076,1362
651,0.4228914678096771,1655
652,0.42275047302246094,113
653,0.4227478802204132,1141
654,0.4224747121334076,197
655,0.4223555326461792,1735
656,0.42226266860961914,894
657,0.4222237765789032,310
658,0.422206312417984,523
659,0.42211678624153137,378
660,0.4220287501811981,707
661,0.42193087935447693,1665
662,0.4216460585594177,864
663,0.4213498532772064,2094
664,0.42132312059402466,1155
665,0.4212673306465149,1689
666,0.42111310362815857,1273
667,0.42094698548316956,962
668,0.42090868949890137,123
669,0.4209029972553253,145
670,0.420870840549469,1590
671,0.42085346579551697,630
672,0.42049092054367065,2056
673,0.4204373359680176,101
674,0.42026931047439575,190
675,0.4201478958129883,1824
676,0.42009201645851135,995
677,0.4200257360935211,1045
678,0.4199744164943695,193
679,0.41995880007743835,75
680,0.4198843240737915,1623
681,0.4197748601436615,1081
682,0.4197302758693695,619
683,0.4194340705871582,792
684,0.4194296598434448,760
685,0.4193304777145386,959
686,0.4188256561756134,1229
687,0.4188050925731659,581
688,0.4187690019607544,1504
689,0.4187133312225342,982
690,0.4187125861644745,579
691,0.4186190366744995,1123
692,0.41855722665786743,1298
693,0.4181676506996155,516
694,0.4181346893310547,1014
695,0.41805315017700195,1869
696,0.4180341958999634,1322
697,0.4180075526237488,980
698,0.41791486740112305,103
699,0.4178977608680725,898
700,0.4178502857685089,1544
701,0.4178338050842285,1128
702,0.41745564341545105,1416
703,0.4173898994922638,229
704,0.4171949625015259,1546
705,0.41718900203704834,830
706,0.41681167483329773,423
707,0.4166976809501648,368
708,0.41665178537368774,1637
709,0.41647616028785706,710
710,0.41607216000556946,562
711,0.4160595238208771,542
712,0.4157085716724396,267
713,0.41547536849975586,2121
714,0.4152683913707733,36
715,0.41526418924331665,839
716,0.41524043679237366,1285
717,0.41514915227890015,543
718,0.41509395837783813,1494
719,0.4149172306060791,910
720,0.4147360920906067,1997
721,0.4145124852657318,1358
722,0.41450342535972595,1605
723,0.4137917757034302,1987
724,0.41353875398635864,1317
725,0.41333526372909546,990
726,0.4129462242126465,259
727,0.4127214252948761,793
728,0.4126042127609253,1463
729,0.4125901460647583,425
730,0.4125273823738098,767
731,0.4124927222728729,1797
732,0.4124639332294464,745
733,0.4122579097747803,418
734,0.4122166335582733,958
735,0.41206949949264526,506
736,0.412026584148407,1866
737,0.41172435879707336,961
738,0.4117037355899811,1359
739,0.41160255670547485,1027
740,0.41150689125061035,1616
741,0.4115011394023895,636
742,0.4111308455467224,137
743,0.41112279891967773,526
744,0.41107094287872314,1357
745,0.4109478294849396,272
746,0.41089552640914917,153
747,0.410718709230423,503
748,0.4106150269508362,120
749,0.4104033410549164,621
750,0.41022127866744995,319
751,0.4101238548755646,654
752,0.4100789427757263,343
753,0.4100247621536255,1409
754,0.40986114740371704,1208
755,0.40976065397262573,225
756,0.4097488820552826,1287
757,0.40973973274230957,405
758,0.40957534313201904,394
759,0.4095498025417328,1026
760,0.40948423743247986,1587
761,0.40922850370407104,483
762,0.4091486930847168,251
763,0.40902459621429443,787
764,0.4089930057525635,1404
765,0.4089219868183136,1586
766,0.40889695286750793,1171
767,0.40865832567214966,1635
768,0.4085899889469147,429
769,0.4085388779640198,1216
770,0.40840744972229004,1833
771,0.4083084762096405,1447
772,0.40809163451194763,1248
773,0.40803319215774536,1206
774,0.408008873462677,675
775,0.4079411029815674,1786
776,0.4074430465698242,237
777,0.40735459327697754,1323
778,0.4072762429714203,353
779,0.40723365545272827,305
780,0.40711110830307007,1267
781,0.4068444073200226,1643
782,0.40679359436035156,1144
783,0.4066650867462158,1258
784,0.4065229296684265,580
785,0.4064384400844574,1442
786,0.4063946604728699,1549
787,0.4063912630081177,1066
788,0.40627041459083557,484
789,0.40622827410697937,1366
790,0.4061807692050934,231
791,0.405842125415802,1604
792,0.40562641620635986,847
793,0.4055347442626953,447
794,0.4055148661136627,74
795,0.40541359782218933,1417
796,0.40535107254981995,547
797,0.4050321877002716,1430
798,0.40486231446266174,1388
799,0.4047911763191223,96
800,0.4044979214668274,458
801,0.4040885865688324,1986
802,0.4040873348712921,1344
803,0.40389224886894226,1739
804,0.4037167727947235,1369
805,0.4035436809062958,535
806,0.4034712314605713,355
807,0.4034412205219269,505
808,0.40334782004356384,599
809,0.40305376052856445,1588
810,0.40302231907844543,495
811,0.40266546607017517,450
812,0.4025326669216156,92
813,0.4022893011569977,1757
814,0.40225881338119507,1251
815,0.4022490084171295,335
816,0.4021296203136444,1484
817,0.4020001292228699,169
818,0.40190428495407104,38
819,0.40174540877342224,1621
820,0.4017368257045746,122
821,0.40169757604599,1859
822,0.4015669524669647,1117
823,0.4013983905315399,1443
824,0.40117791295051575,813
825,0.401136189699173,766
826,0.4010542333126068,514
827,0.4010007679462433,666
828,0.4008120894432068,1682
829,0.4005909562110901,1329
830,0.40055719017982483,1668
831,0.4004414975643158,1422
832,0.4002465605735779,1451
833,0.3998904824256897,609
834,0.3998830020427704,1352
835,0.39974817633628845,512
836,0.399650901556015,106
837,0.39940962195396423,1491
838,0.3993818163871765,1939
839,0.3992547392845154,764
840,0.39905983209609985,1547
841,0.3988868296146393,1252
842,0.39866411685943604,1351
843,0.39834684133529663,1450
844,0.3982926309108734,1807
845,0.39819538593292236,1573
846,0.3981759548187256,3
847,0.3981344699859619,2101
848,0.3980655074119568,856
849,0.3980304002761841,460
850,0.3979288339614868,1153
851,0.39786821603775024,406
852,0.3978453576564789,223
853,0.39759668707847595,177
854,0.39755040407180786,1056
855,0.39751750230789185,1490
856,0.39733007550239563,700
857,0.39726412296295166,1266
858,0.39721202850341797,390
859,0.3972093164920807,1802
860,0.39717012643814087,321
861,0.3968560993671417,1339
862,0.396796315908432,65
863,0.3967176675796509,1394
864,0.3965359032154083,467
865,0.39637529850006104,556
866,0.3963029980659485,1645
867,0.3962394595146179,576
868,0.3960263431072235,729
869,0.3960171341896057,330
870,0.39590996503829956,758
871,0.3958640396595001,1143
872,0.3956145942211151,1515
873,0.3955709636211395,216
874,0.39549413323402405,62
875,0.3952535092830658,1765
876,0.395088791847229,240
877,0.39502596855163574,66
878,0.39500492811203003,1178
879,0.39488455653190613,1520
880,0.3948083519935608,822
881,0.3947482109069824,99
882,0.39464834332466125,413
883,0.39461517333984375,1226
884,0.3944234549999237,1619
885,0.39439907670021057,1080
886,0.3943335711956024,827
887,0.39432772994041443,7
888,0.39422255754470825,1132
889,0.39415106177330017,617
890,0.3938775658607483,1411
891,0.39380645751953125,242
892,0.39379528164863586,1863
893,0.39374956488609314,427
894,0.39348116517066956,1319
895,0.3933294713497162,638
896,0.39301449060440063,1107
897,0.39282795786857605,1951
898,0.39268672466278076,1555
899,0.39242106676101685,1963
900,0.3923901617527008,453
901,0.3922435939311981,1654
902,0.39222070574760437,775
903,0.39209142327308655,4
904,0.392011821269989,1998
905,0.39199310541152954,1180
906,0.3917551040649414,736
907,0.3917516767978668,333
908,0.3914225399494171,1477
909,0.39138975739479065,1169
910,0.39112570881843567,548
911,0.3910641670227051,1751
912,0.39075207710266113,268
913,0.39065787196159363,625
914,0.3904063105583191,676
915,0.3903592824935913,1627
916,0.3901342451572418,90
917,0.390068918466568,947
918,0.3900561034679413,1070
919,0.39004963636398315,108
920,0.39001160860061646,905
921,0.3899015486240387,1572
922,0.3897053003311157,624
923,0.38969045877456665,2026
924,0.3896804451942444,1717
925,0.38960862159729004,97
926,0.38948896527290344,481
927,0.3892700672149658,1563
928,0.3892478346824646,139
929,0.3892427682876587,1247
930,0.3891950845718384,498
931,0.38909080624580383,71
932,0.38890957832336426,605
933,0.38883140683174133,311
934,0.3887975811958313,814
935,0.3886767327785492,1291
936,0.38864418864250183,733
937,0.38847362995147705,1571
938,0.38811734318733215,546
939,0.38806506991386414,928
940,0.388003945350647,832
941,0.3879631757736206,741
942,0.3878980278968811,1321
943,0.3877112865447998,1955
944,0.38763660192489624,1593
945,0.3873964846134186,1528
946,0.38737553358078003,1861
947,0.38734880089759827,444
948,0.38718152046203613,469
949,0.38708949089050293,1576
950,0.38691771030426025,796
951,0.3868129551410675,255
952,0.3867167830467224,587
953,0.3866901397705078,485
954,0.38649559020996094,789
955,0.3864613473415375,1511
956,0.3863997459411621,2058
957,0.3860699534416199,1476
958,0.385941743850708,1640
959,0.38581767678260803,1364
960,0.3857066035270691,866
961,0.3856656551361084,1284
962,0.38565585017204285,1798
963,0.3856182396411896,613
964,0.385576456785202,669
965,0.38547247648239136,704
966,0.3854551911354065,320
967,0.3854348361492157,913
968,0.38504892587661743,488
969,0.3848596215248108,1453
970,0.3848179280757904,1407
971,0.38459932804107666,1061
972,0.3845415711402893,734
973,0.3845186233520508,1076
974,0.3844567835330963,709
975,0.38444843888282776,1049
976,0.3844044506549835,269
977,0.3843121826648712,14
978,0.38430967926979065,1159
979,0.38426679372787476,1740
980,0.38416561484336853,30
981,0.38414111733436584,1882
982,0.3839733302593231,1612
983,0.3839040994644165,395
984,0.3837015926837921,434
985,0.3836420476436615,400
986,0.3835270404815674,6
987,0.38342002034187317,2064
988,0.3833669424057007,618
989,0.3831713795661926,1088
990,0.38313162326812744,877
991,0.3824906051158905,1008
992,0.3824273347854614,1661
993,0.38241827487945557,1953
994,0.3821439743041992,1884
995,0.38198328018188477,1944
996,0.3818720877170563,889
997,0.3818405568599701,665
998,0.38171663880348206,974
999,0.38170325756073,1164
1000,0.3816256523132324,359
1001,0.3815765082836151,1780
1002,0.381527304649353,1446
1003,0.3813922107219696,1055
1004,0.38131529092788696,69
1005,0.3812319040298462,162
1006,0.38076192140579224,823
1007,0.3806003928184509,954
1008,0.38053640723228455,1079
1009,0.38052016496658325,633
1010,0.38045209646224976,1277
1011,0.38042908906936646,249
1012,0.38041433691978455,60
1013,0.38037237524986267,1793
1014,0.38036367297172546,2099
1015,0.3802591562271118,1919
1016,0.3801669478416443,886
1017,0.3798915147781372,672
1018,0.3796684145927429,940
1019,0.37962275743484497,1497
1020,0.37952491641044617,1672
1021,0.37914955615997314,1483
1022,0.37902387976646423,1397
1023,0.3789147436618805,557
1024,0.37888526916503906,975
1025,0.37877151370048523,1312
1026,0.3785814344882965,504
1027,0.3784886300563812,41
1028,0.37844371795654297,1377
1029,0.37838229537010193,1980
1030,0.378367155790329,1557
1031,0.3782932758331299,48
1032,0.37820130586624146,1498
1033,0.37805089354515076,57
1034,0.37786218523979187,285
1035,0.37781429290771484,508
1036,0.377792090177536,1795
1037,0.37743183970451355,811
1038,0.37743112444877625,1432
1039,0.377337783575058,564
1040,0.3770616054534912,1970
1041,0.37697479128837585,1636
1042,0.37691769003868103,777
1043,0.37690839171409607,1526
1044,0.3768501281738281,1929
1045,0.3768060803413391,799
1046,0.37646573781967163,203
1047,0.37620246410369873,1811
1048,0.3759300410747528,762
1049,0.3757958710193634,786
1050,0.3756847679615021,254
1051,0.37567996978759766,862
1052,0.3756067752838135,1089
1053,0.37546542286872864,1920
1054,0.37546247243881226,536
1055,0.37544649839401245,295
1056,0.37517470121383667,1415
1057,0.3751104176044464,1667
1058,0.3750651776790619,1023
1059,0.374860554933548,1579
1060,0.3747599124908447,2063
1061,0.37462952733039856,1441
1062,0.37444764375686646,678
1063,0.3744290769100189,87
1064,0.37422266602516174,2088
1065,0.37415051460266113,1925
1066,0.37414705753326416,597
1067,0.3737950325012207,443
1068,0.3735874593257904,809
1069,0.37338700890541077,1268
1070,0.373109370470047,307
1071,0.3725953996181488,1316
1072,0.37195736169815063,1318
1073,0.37193208932876587,1982
1074,0.3716204762458801,682
1075,0.3714462220668793,1041
1076,0.37144556641578674,720
1077,0.3714067041873932,685
1078,0.3713739216327667,1015
1079,0.37132593989372253,1219
1080,0.37116169929504395,545
1081,0.37112319469451904,1064
1082,0.37107178568840027,912
1083,0.37092262506484985,1629
1084,0.37091368436813354,1510
1085,0.3708784580230713,1487
1086,0.3706912696361542,1376
1087,0.37067627906799316,1373
1088,0.3705972731113434,342
1089,0.3705578148365021,1428
1090,0.3705061078071594,1256
1091,0.3704476058483124,919
1092,0.3704272210597992,501
1093,0.3700198531150818,1333
1094,0.36990639567375183,1020
1095,0.3697379231452942,828
1096,0.3696092367172241,1691
1097,0.3693033456802368,239
1098,0.3692103326320648,104
1099,0.3691571056842804,768
1100,0.36890846490859985,1567
1101,0.36886149644851685,1506
1102,0.3688589632511139,1236
1103,0.36884936690330505,1517
1104,0.36874401569366455,1031
1105,0.3687031865119934,656
1106,0.36864766478538513,591
1107,0.36854636669158936,670
1108,0.36847642064094543,817
1109,0.36843806505203247,826
1110,0.36837008595466614,728
1111,0.36803534626960754,1575
1112,0.36801931262016296,1114
1113,0.36791718006134033,1398
1114,0.3678765594959259,2097
1115,0.36761587858200073,160
1116,0.36758512258529663,1964
1117,0.36758020520210266,363
1118,0.36745667457580566,1356
1119,0.3674275875091553,414
1120,0.3673880696296692,1106
1121,0.36737531423568726,1992
1122,0.36735233664512634,696
1123,0.3672804534435272,918
1124,0.3671404719352722,752
1125,0.36694538593292236,1568
1126,0.36665114760398865,1548
1127,0.3664732575416565,1246
1128,0.366337388753891,2032
1129,0.36626097559928894,186
1130,0.366147518157959,846
1131,0.36608344316482544,1423
1132,0.3660318851470947,2048
1133,0.366012305021286,1808
1134,0.36595481634140015,695
1135,0.36588627099990845,182
1136,0.36584439873695374,258
1137,0.36563071608543396,1235
1138,0.36562153697013855,622
1139,0.36558642983436584,1028
1140,0.36551985144615173,1036
1141,0.36541199684143066,22
1142,0.3653634488582611,432
1143,0.3653573989868164,2109
1144,0.36525797843933105,1097
1145,0.3652428388595581,742
1146,0.3652362823486328,1500
1147,0.36517786979675293,37
1148,0.3650791347026825,1197
1149,0.3650173246860504,1137
1150,0.36500152945518494,10
1151,0.3649566173553467,1574
1152,0.36490312218666077,1305
1153,0.3647709786891937,1845
1154,0.36470046639442444,1769
1155,0.364474892616272,880
1156,0.3644179105758667,1303
1157,0.3643343150615692,1804
1158,0.36426714062690735,1315
1159,0.36423924565315247,1756
1160,0.3640623390674591,18
1161,0.36398568749427795,51
1162,0.3638865351676941,795
1163,0.36380794644355774,945
1164,0.363756388425827,124
1165,0.363720178604126,119
1166,0.3636859953403473,410
1167,0.3636096119880676,1651
1168,0.3635331392288208,382
1169,0.36351341009140015,626
1170,0.36349359154701233,966
1171,0.36348891258239746,130
1172,0.3633115291595459,713
1173,0.3632979691028595,1025
1174,0.36319631338119507,1072
1175,0.36316391825675964,2071
1176,0.36312568187713623,1474
1177,0.3631097674369812,1752
1178,0.3628379702568054,12
1179,0.3626965284347534,1537
1180,0.3625873327255249,76
1181,0.3624449372291565,1685
1182,0.36237454414367676,635
1183,0.3622146546840668,1709
1184,0.3620240092277527,1545
1185,0.3618920147418976,1934
1186,0.36185601353645325,1607
1187,0.3617600202560425,1559
1188,0.36174139380455017,819
1189,0.3616977035999298,1877
1190,0.3616832494735718,1300
1191,0.36134153604507446,1108
1192,0.3611887991428375,262
1193,0.3611595332622528,1395
1194,0.3610967695713043,132
1195,0.36107558012008667,1205
1196,0.361005961894989,1958
1197,0.36073821783065796,1460
1198,0.36072808504104614,217
1199,0.3606538772583008,1244
1200,0.36061519384384155,541
1201,0.36060333251953125,148
1202,0.3605198860168457,2019
1203,0.3605167865753174,1632
1204,0.360413134098053,708
1205,0.3604121506214142,366
1206,0.36033907532691956,1367
1207,0.36002451181411743,1465
1208,0.35997745394706726,528
1209,0.35983604192733765,1150
1210,0.359681636095047,1050
1211,0.3595922589302063,379
1212,0.3595128059387207,549
1213,0.35943877696990967,1941
1214,0.3592906594276428,403
1215,0.35927295684814453,326
1216,0.3591329753398895,1716
1217,0.35908302664756775,908
1218,0.35889890789985657,424
1219,0.35887014865875244,1482
1220,0.3588205575942993,1910
1221,0.3586590886116028,1656
1222,0.3585428297519684,440
1223,0.35845252871513367,1098
1224,0.3583584129810333,1898
1225,0.3583511412143707,407
1226,0.3580271899700165,684
1227,0.35794490575790405,964
1228,0.35789474844932556,1736
1229,0.3578600287437439,711
1230,0.35785678029060364,129
1231,0.3577345013618469,146
1232,0.35752713680267334,253
1233,0.3574506640434265,677
1234,0.3573957681655884,2059
1235,0.3573307991027832,1690
1236,0.3571876883506775,2006
1237,0.3569967448711395,448
1238,0.3569316864013672,1514
1239,0.35692790150642395,1948
1240,0.3568878173828125,179
1241,0.35688745975494385,5
1242,0.35663163661956787,1720
1243,0.35661137104034424,899
1244,0.3565622866153717,1162
1245,0.3565370440483093,1119
1246,0.3563261926174164,829
1247,0.35621511936187744,1766
1248,0.3561550974845886,1062
1249,0.3559611141681671,1461
1250,0.35585734248161316,275
1251,0.3558298349380493,264
1252,0.3557949662208557,1843
1253,0.35576578974723816,1140
1254,0.35568633675575256,1347
1255,0.3556380569934845,26
1256,0.3555692732334137,1558
1257,0.3551453649997711,1290
1258,0.3550674021244049,292
1259,0.35504668951034546,721
1260,0.3549942374229431,1269
1261,0.35497424006462097,802
1262,0.35483649373054504,825
1263,0.3547991216182709,807
1264,0.35475650429725647,904
1265,0.3546006679534912,213
1266,0.35456183552742004,470
1267,0.3545057773590088,1565
1268,0.35430222749710083,360
1269,0.35401463508605957,1829
1270,0.3540114760398865,1858
1271,0.3538692891597748,1615
1272,0.3538024127483368,349
1273,0.35366353392601013,907
1274,0.3536379039287567,519
1275,0.35360288619995117,2110
1276,0.3535209894180298,874
1277,0.35349905490875244,1158
1278,0.3534855246543884,842
1279,0.3534850776195526,209
1280,0.3534696102142334,1772
1281,0.35340434312820435,100
1282,0.3533020317554474,992
1283,0.3532329201698303,838
1284,0.3531648814678192,1712
1285,0.35306721925735474,818
1286,0.3529427945613861,300
1287,0.352919340133667,1582
1288,0.35286882519721985,290
1289,0.35284560918807983,969
1290,0.352813184261322,565
1291,0.3528064787387848,1071
1292,0.35270458459854126,455
1293,0.35263296961784363,1304
1294,0.35262271761894226,1278
1295,0.3526022732257843,1792
1296,0.3525385558605194,474
1297,0.35251590609550476,1157
1298,0.352324515581131,1603
1299,0.352213591337204,471
1300,0.3521331250667572,1994
1301,0.3520549237728119,1253
1302,0.35200604796409607,977
1303,0.35196778178215027,1785
1304,0.35183608531951904,878
1305,0.3518112599849701,1077
1306,0.3517684042453766,1659
1307,0.35161086916923523,431
1308,0.3513503074645996,1221
1309,0.35127392411231995,33
1310,0.35111674666404724,921
1311,0.35102254152297974,2087
1312,0.35102084279060364,1816
1313,0.35100582242012024,109
1314,0.3509974479675293,1542
1315,0.35099345445632935,1307
1316,0.35098904371261597,1334
1317,0.35087671875953674,111
1318,0.35086217522621155,1488
1319,0.35072916746139526,694
1320,0.35059654712677,297
1321,0.35046398639678955,430
1322,0.3504043519496918,806
1323,0.3502311408519745,1711
1324,0.3501823842525482,971
1325,0.350032776594162,2042
1326,0.3499881327152252,1764
1327,0.3498363792896271,1082
1328,0.34974199533462524,1823
1329,0.3496868908405304,1109
1330,0.3496619760990143,105
1331,0.34949249029159546,1427
1332,0.3494291305541992,1181
1333,0.3493807017803192,1663
1334,0.3493051826953888,1231
1335,0.3493051826953888,1192
1336,0.3488003611564636,1851
1337,0.348744660615921,1945
1338,0.3486175239086151,1626
1339,0.34856027364730835,688
1340,0.3485327661037445,1889
1341,0.34852999448776245,583
1342,0.3484993577003479,843
1343,0.3483729660511017,260
1344,0.3483477234840393,1856
1345,0.3482553958892822,1207
1346,0.34825029969215393,1
1347,0.34824028611183167,1570
1348,0.348225474357605,35
1349,0.34816646575927734,765
1350,0.3481422960758209,478
1351,0.3479951322078705,642
1352,0.3477175831794739,1177
1353,0.3474869430065155,2076
1354,0.34745949506759644,334
1355,0.347455233335495,380
1356,0.3474414646625519,1556
1357,0.34740695357322693,2124
1358,0.3473094701766968,1136
1359,0.34730270504951477,1360
1360,0.3472622036933899,902
1361,0.3471904695034027,52
1362,0.34703943133354187,1412
1363,0.346284955739975,1901
1364,0.3461848199367523,835
1365,0.34600016474723816,1847
1366,0.345968097448349,1686
1367,0.3459245264530182,373
1368,0.34591636061668396,1972
1369,0.34578391909599304,1704
1370,0.34560081362724304,1774
1371,0.34551727771759033,781
1372,0.34551170468330383,784
1373,0.34536314010620117,1410
1374,0.3453102111816406,1947
1375,0.34520235657691956,346
1376,0.34519389271736145,1100
1377,0.34516775608062744,489
1378,0.3451105058193207,1022
1379,0.34502607583999634,686
1380,0.3449890911579132,387
1381,0.344802588224411,2011
1382,0.34474796056747437,1363
1383,0.34461137652397156,610
1384,0.34456026554107666,1610
1385,0.34444019198417664,2012
1386,0.3441442847251892,308
1387,0.3441021740436554,538
1388,0.34398457407951355,243
1389,0.3438479006290436,1538
1390,0.3436841666698456,1306
1391,0.34356239438056946,915
1392,0.34342217445373535,317
1393,0.34340596199035645,727
1394,0.343336284160614,1750
1395,0.3433162569999695,2112
1396,0.3432222604751587,1018
1397,0.3430738151073456,2083
1398,0.3430028557777405,601
1399,0.3429693579673767,21
1400,0.34293344616889954,404
1401,0.3427813649177551,732
1402,0.3427496552467346,9
1403,0.34268203377723694,2073
1404,0.34266072511672974,714
1405,0.3425274193286896,1139
1406,0.34248974919319153,1584
1407,0.3423944115638733,879
1408,0.34230196475982666,1187
1409,0.3421357572078705,1311
1410,0.34189993143081665,1438
1411,0.3417584300041199,81
1412,0.3417433500289917,1105
1413,0.34159356355667114,932
1414,0.34158429503440857,250
1415,0.34130269289016724,2117
1416,0.3412938117980957,723
1417,0.3412691652774811,2062
1418,0.34119558334350586,1480
1419,0.34117940068244934,115
1420,0.34115463495254517,873
1421,0.34113335609436035,1800
1422,0.3410133421421051,2090
1423,0.3410111665725708,1641
1424,0.3408582806587219,2054
1425,0.34084251523017883,673
1426,0.3408035933971405,2009
1427,0.34054800868034363,520
1428,0.3405134677886963,2100
1429,0.3404923975467682,2075
1430,0.340383380651474,313
1431,0.34034380316734314,502
1432,0.3403133749961853,1149
1433,0.34015893936157227,1597
1434,0.3398638665676117,1382
1435,0.33982279896736145,86
1436,0.33981913328170776,1614
1437,0.33970195055007935,1449
1438,0.3395627439022064,1085
1439,0.3392540216445923,107
1440,0.3392322063446045,1472
1441,0.3390701711177826,347
1442,0.3390592932701111,1161
1443,0.33896681666374207,1459
1444,0.33883264660835266,1790
1445,0.3384644687175751,848
1446,0.3384433686733246,1946
1447,0.3384361267089844,1775
1448,0.3383655250072479,1471
1449,0.33835911750793457,1543
1450,0.33829739689826965,50
1451,0.3381812870502472,1478
1452,0.33814841508865356,1834
1453,0.3381294310092926,831
1454,0.33800217509269714,639
1455,0.3379822075366974,737
1456,0.3379766643047333,655
1457,0.33780157566070557,748
1458,0.33780157566070557,668
1459,0.3376516103744507,1745
1460,0.33758729696273804,615
1461,0.3375754952430725,2080
1462,0.33753857016563416,1662
1463,0.33745649456977844,61
1464,0.3373233377933502,45
1465,0.3373122215270996,706
1466,0.3372668921947479,895
1467,0.33725500106811523,1660
1468,0.3372286558151245,1434
1469,0.337199330329895,1060
1470,0.33692607283592224,1831
1471,0.3369201421737671,1777
1472,0.3369155526161194,1003
1473,0.33690711855888367,771
1474,0.33686497807502747,1227
1475,0.3367975652217865,653
1476,0.33677971363067627,439
1477,0.3365033268928528,318
1478,0.33605045080184937,1985
1479,0.3360337018966675,681
1480,0.33598390221595764,1486
1481,0.33578917384147644,1200
1482,0.3357139825820923,324
1483,0.33569517731666565,614
1484,0.33560246229171753,718
1485,0.3354288339614868,149
1486,0.33532506227493286,578
1487,0.3352563977241516,1650
1488,0.33511072397232056,287
1489,0.3350907564163208,1848
1490,0.3345150947570801,911
1491,0.33449578285217285,1652
1492,0.3344818949699402,2022
1493,0.3342488408088684,29
1494,0.3341323733329773,884
1495,0.3340931534767151,314
1496,0.3340645730495453,2084
1497,0.33399635553359985,117
1498,0.33391907811164856,953
1499,0.33368006348609924,946
1500,0.3336790204048157,361
1501,0.3335545063018799,486
1502,0.3335545063018799,235
1503,0.3334956467151642,408
1504,0.3334195017814636,1214
1505,0.3333432674407959,1069
1506,0.33332395553588867,28
1507,0.33326801657676697,558
1508,0.3332667052745819,1631
1509,0.3332177698612213,929
1510,0.3330545127391815,1761
1511,0.33298787474632263,47
1512,0.33267176151275635,125
1513,0.33266085386276245,1787
1514,0.33264875411987305,1000
1515,0.33264467120170593,1396
1516,0.3324487507343292,1554
1517,0.3324185609817505,782
1518,0.3322748839855194,1462
1519,0.33220604062080383,1806
1520,0.3320654332637787,1380
1521,0.33201277256011963,1648
1522,0.3319984972476959,212
1523,0.33191293478012085,914
1524,0.33182424306869507,1967
1525,0.33167681097984314,1213
1526,0.3316691219806671,1189
1527,0.33159157633781433,2047
1528,0.33143749833106995,1943
1529,0.3312225043773651,367
1530,0.33117902278900146,661
1531,0.3311600387096405,350
1532,0.3311508595943451,1168
1533,0.3308427631855011,994
1534,0.3307761251926422,2108
1535,0.33077549934387207,671
1536,0.3307551443576813,422
1537,0.3306763768196106,1569
1538,0.33064380288124084,1710
1539,0.3300682008266449,1788
1540,0.32966554164886475,539
1541,0.329635888338089,875
1542,0.3294348418712616,634
1543,0.3289957642555237,550
1544,0.32882004976272583,2008
1545,0.3286639153957367,1534
1546,0.32861146330833435,1880
1547,0.3285970091819763,1444
1548,0.3285532295703888,1093
1549,0.32848814129829407,1702
1550,0.32846149802207947,525
1551,0.3283274173736572,13
1552,0.3282230794429779,531
1553,0.3282144367694855,461
1554,0.3281186819076538,1424
1555,0.3281093239784241,1776
1556,0.32810452580451965,1239
1557,0.3279270827770233,507
1558,0.32771217823028564,1173
1559,0.32750847935676575,436
1560,0.32726186513900757,1429
1561,0.327214777469635,1760
1562,0.32716479897499084,1854
1563,0.3271004259586334,1191
1564,0.3270740509033203,1897
1565,0.326976478099823,261
1566,0.32693585753440857,1533
1567,0.32685086131095886,812
1568,0.3267848789691925,1693
1569,0.3267442286014557,1516
1570,0.32670846581459045,2069
1571,0.32670530676841736,570
1572,0.32660019397735596,214
1573,0.32646557688713074,2044
1574,0.32637307047843933,2123
1575,0.3263627290725708,909
1576,0.3263038992881775,222
1577,0.3261388838291168,1135
1578,0.32598817348480225,1771
1579,0.3259827494621277,957
1580,0.3257511258125305,417
1581,0.32572141289711,942
1582,0.32567843794822693,749
1583,0.3256639838218689,419
1584,0.3253653049468994,1145
1585,0.3252808153629303,1121
1586,0.32523053884506226,27
1587,0.32514500617980957,1370
1588,0.3250209391117096,1633
1589,0.32486724853515625,244
1590,0.32482782006263733,446
1591,0.3247872591018677,1053
1592,0.3247673213481903,1830
1593,0.32465705275535583,896
1594,0.3243238925933838,1011
1595,0.3242795765399933,1196
1596,0.3242097496986389,590
1597,0.3241696357727051,840
1598,0.32416826486587524,983
1599,0.3241550624370575,2001
1600,0.3241308927536011,2091
1601,0.324105829000473,2103
1602,0.3239074945449829,1101
1603,0.32379087805747986,1084
1604,0.32365915179252625,1926
1605,0.3235487937927246,892
1606,0.32325825095176697,1211
1607,0.3232305347919464,241
1608,0.3232074975967407,1818
1609,0.3232041001319885,824
1610,0.323169082403183,1232
1611,0.323169082403183,1193
1612,0.32306739687919617,859
1613,0.32300567626953125,1564
1614,0.322953462600708,984
1615,0.32282814383506775,2002
1616,0.32275769114494324,857
1617,0.32255658507347107,420
1618,0.3225387632846832,2037
1619,0.32231253385543823,327
1620,0.32228320837020874,753
1621,0.3221780061721802,1518
1622,0.3221234083175659,1700
1623,0.3220953643321991,1805
1624,0.32196545600891113,1906
1625,0.3217505216598511,1768
1626,0.3217450678348541,1812
1627,0.32164373993873596,280
1628,0.32155540585517883,1595
1629,0.32139483094215393,1220
1630,0.32138320803642273,205
1631,0.3209758400917053,500
1632,0.3208920955657959,2111
1633,0.3208724558353424,1210
1634,0.3207794725894928,1233
1635,0.3207780420780182,1727
1636,0.3206575810909271,1817
1637,0.3206556439399719,679
1638,0.3205103278160095,841
1639,0.32047879695892334,2114
1640,0.320192813873291,663
1641,0.31954720616340637,2085
1642,0.3194834291934967,1204
1643,0.3193798065185547,328
1644,0.3191763162612915,1272
1645,0.3188540041446686,140
1646,0.318745881319046,2051
1647,0.31851983070373535,465
1648,0.31841206550598145,1467
1649,0.31827783584594727,623
1650,0.31825846433639526,1371
1651,0.3181349039077759,1508
1652,0.31799373030662537,778
1653,0.3178841769695282,1684
1654,0.3177604377269745,1867
1655,0.31773921847343445,1933
1656,0.31761038303375244,1535
1657,0.31727802753448486,224
1658,0.317234069108963,790
1659,0.31717970967292786,646
1660,0.3168678283691406,2055
1661,0.3163551092147827,1458
1662,0.31625625491142273,15
1663,0.31624796986579895,1613
1664,0.3161660432815552,1156
1665,0.3161410093307495,1274
1666,0.3160875737667084,1270
1667,0.31605064868927,986
1668,0.31605014204978943,1127
1669,0.31598564982414246,1475
1670,0.3157634735107422,2105
1671,0.31573355197906494,163
1672,0.31565892696380615,493
1673,0.31562066078186035,2018
1674,0.3154793679714203,1713
1675,0.31535568833351135,1176
1676,0.31533947587013245,1115
1677,0.3153100907802582,1921
1678,0.3150269091129303,271
1679,0.3149351477622986,388
1680,0.3148448169231415,1744
1681,0.31483080983161926,1255
1682,0.31474608182907104,1342
1683,0.31464478373527527,949
1684,0.3146197199821472,552
1685,0.3146021366119385,1624
1686,0.31456199288368225,906
1687,0.31453996896743774,1938
1688,0.3145120441913605,754
1689,0.31407132744789124,228
1690,0.3140020966529846,2017
1691,0.31389474868774414,1860
1692,0.3138192892074585,588
1693,0.31362128257751465,772
1694,0.31350380182266235,1653
1695,0.313355028629303,1696
1696,0.3130839467048645,1562
1697,0.3128814399242401,2104
1698,0.3127833306789398,1836
1699,0.31273046135902405,2077
1700,0.3126433193683624,1642
1701,0.3123936653137207,1959
1702,0.31223511695861816,1439
1703,0.3121694326400757,1392
1704,0.31211766600608826,1783
1705,0.3119810223579407,1265
1706,0.3118506669998169,1918
1707,0.311794251203537,499
1708,0.31159523129463196,970
1709,0.31156885623931885,1019
1710,0.3106995224952698,1194
1711,0.3106248080730438,1110
1712,0.31053000688552856,1664
1713,0.31051507592201233,1628
1714,0.3104479908943176,1325
1715,0.3102780878543854,923
1716,0.31022289395332336,1540
1717,0.31004416942596436,1743
1718,0.3099658787250519,683
1719,0.30987945199012756,1832
1720,0.30983397364616394,252
1721,0.309326171875,868
1722,0.30925452709198,1234
1723,0.308949738740921,1815
1724,0.308925986289978,743
1725,0.308822363615036,2057
1726,0.30864202976226807,632
1727,0.308379590511322,1241
1728,0.3083469867706299,1292
1729,0.30813318490982056,1059
1730,0.3080759048461914,1218
1731,0.3080351948738098,1225
1732,0.30798840522766113,63
1733,0.3079811632633209,1519
1734,0.30780529975891113,1188
1735,0.307750403881073,697
1736,0.3075326979160309,1199
1737,0.3073734641075134,412
1738,0.3073436915874481,172
1739,0.30733978748321533,1724
1740,0.30732929706573486,1978
1741,0.3073287010192871,449
1742,0.3071611523628235,1179
1743,0.30687063932418823,699
1744,0.3068334758281708,1419
1745,0.3066612780094147,1932
1746,0.30647727847099304,411
1747,0.3063249886035919,1718
1748,0.30630823969841003,1313
1749,0.3060992360115051,1104
1750,0.3060932457447052,73
1751,0.30599212646484375,882
1752,0.30582472681999207,210
1753,0.3058100640773773,1074
1754,0.3057560324668884,1819
1755,0.30574026703834534,1521
1756,0.30556195974349976,383
1757,0.3054976165294647,985
1758,0.3054761290550232,1687
1759,0.3052234351634979,659
1760,0.30520787835121155,925
1761,0.3049670457839966,518
1762,0.304923415184021,871
1763,0.30492040514945984,2093
1764,0.3045724034309387,1186
1765,0.3043483793735504,867
1766,0.30434441566467285,365
1767,0.30431491136550903,1763
1768,0.30429813265800476,282
1769,0.3038874566555023,2122
1770,0.30354440212249756,238
1771,0.30352404713630676,2049
1772,0.30352097749710083,1009
1773,0.30350419878959656,1799
1774,0.303419291973114,2029
1775,0.3033124506473541,2078
1776,0.3030543029308319,703
1777,0.30262061953544617,658
1778,0.3025181293487549,1552
1779,0.3022121787071228,604
1780,0.30218616127967834,1215
1781,0.30214571952819824,1725
1782,0.30203181505203247,91
1783,0.3019152581691742,747
1784,0.3016892373561859,155
1785,0.3014355003833771,1721
1786,0.30116063356399536,2004
1787,0.30109235644340515,2023
1788,0.3006686270236969,1175
1789,0.30064165592193604,2115
1790,0.30049994587898254,2113
1791,0.3004167973995209,1699
1792,0.3004126250743866,1228
1793,0.3003996014595032,1147
1794,0.300362229347229,1507
1795,0.3003523051738739,1433
1796,0.3003119230270386,2116
1797,0.30015209317207336,143
1798,0.30000829696655273,1960
1799,0.29980191588401794,1602
1800,0.2996869683265686,1674
1801,0.2996622323989868,1067
1802,0.29965299367904663,1436
1803,0.2995486259460449,1728
1804,0.2995183765888214,885
1805,0.29944154620170593,1746
1806,0.29922589659690857,1240
1807,0.29874512553215027,79
1808,0.2986796498298645,1723
1809,0.2986293137073517,2074
1810,0.29859331250190735,1949
1811,0.298368901014328,865
1812,0.2981112599372864,1646
1813,0.2979932427406311,930
1814,0.2979913353919983,34
1815,0.2976292073726654,774
1816,0.2975101172924042,19
1817,0.2975054979324341,1581
1818,0.29720041155815125,377
1819,0.2970172166824341,1868
1820,0.2968429625034332,332
1821,0.29683762788772583,1230
1822,0.2967049479484558,881
1823,0.2963208258152008,1670
1824,0.29619088768959045,1871
1825,0.2961793541908264,1681
1826,0.29599758982658386,584
1827,0.29596415162086487,1671
1828,0.295560359954834,941
1829,0.2955048084259033,1820
1830,0.2953856587409973,943
1831,0.2951878011226654,1950
1832,0.29510390758514404,1513
1833,0.2950204312801361,1174
1834,0.2947899103164673,1198
1835,0.2947487235069275,572
1836,0.29435989260673523,934
1837,0.2942216098308563,1872
1838,0.29409605264663696,1163
1839,0.29404813051223755,1042
1840,0.2939924895763397,551
1841,0.29394882917404175,1747
1842,0.29383957386016846,315
1843,0.293495774269104,174
1844,0.2933277189731598,1991
1845,0.29299870133399963,1916
1846,0.29280927777290344,701
1847,0.29274415969848633,567
1848,0.29247206449508667,1679
1849,0.29230797290802,1697
1850,0.29227280616760254,1223
1851,0.2922402024269104,989
1852,0.2921411097049713,110
1853,0.29181984066963196,348
1854,0.29171597957611084,2034
1855,0.2915891706943512,2045
1856,0.29155927896499634,1596
1857,0.29132482409477234,1917
1858,0.29125553369522095,1282
1859,0.29099294543266296,1402
1860,0.29097792506217957,372
1861,0.2908899486064911,1611
1862,0.29062366485595703,184
1863,0.29024776816368103,952
1864,0.29023051261901855,1977
1865,0.2900216579437256,323
1866,0.28999263048171997,740
1867,0.2891964316368103,1553
1868,0.288937509059906,1979
1869,0.2886230945587158,1754
1870,0.28856849670410156,1714
1871,0.28847914934158325,2024
1872,0.28841397166252136,176
1873,0.2883888781070709,1165
1874,0.2883707284927368,759
1875,0.28809526562690735,1657
1876,0.28807732462882996,1254
1877,0.2876463234424591,1622
1878,0.2875336706638336,837
1879,0.2874671518802643,1930
1880,0.2874433696269989,1683
1881,0.28740623593330383,1841
1882,0.2873563766479492,1473
1883,0.2873256504535675,1688
1884,0.2872544527053833,1855
1885,0.2872099280357361,53
1886,0.2872014045715332,1695
1887,0.2870561480522156,2040
1888,0.2866322100162506,1937
1889,0.28655675053596497,2060
1890,0.2863634526729584,1956
1891,0.28609025478363037,612
1892,0.2858148515224457,463
1893,0.28567445278167725,976
1894,0.284916490316391,1886
1895,0.28473755717277527,1875
1896,0.2836531102657318,1658
1897,0.2836378812789917,917
1898,0.28348371386528015,1464
1899,0.28307002782821655,2025
1900,0.283061146736145,1962
1901,0.2829834520816803,428
1902,0.2827520966529846,1118
1903,0.2824864089488983,739
1904,0.28247788548469543,1238
1905,0.2823864221572876,1678
1906,0.2819119095802307,589
1907,0.28164049983024597,1005
1908,0.2813914716243744,1878
1909,0.2811301052570343,1961
1910,0.28095948696136475,776
1911,0.2809048593044281,1881
1912,0.2808570861816406,492
1913,0.28056544065475464,1907
1914,0.2803218960762024,585
1915,0.2797861695289612,270
1916,0.27941253781318665,1435
1917,0.27930325269699097,2038
1918,0.279093861579895,1729
1919,0.27899399399757385,32
1920,0.27882829308509827,1900
1921,0.2786170542240143,1923
1922,0.2785564959049225,1673
1923,0.2783602178096771,1705
1924,0.2783055901527405,993
1925,0.27815428376197815,1314
1926,0.2779330313205719,2015
1927,0.27769243717193604,1302
1928,0.2775552272796631,1183
1929,0.27614107728004456,31
1930,0.2761141359806061,1902
1931,0.27599504590034485,1814
1932,0.27507132291793823,730
1933,0.274833083152771,1883
1934,0.2745487689971924,2072
1935,0.2745305001735687,1237
1936,0.2743220031261444,573
1937,0.27425116300582886,922
1938,0.2741641700267792,399
1939,0.2741268277168274,1368
1940,0.27380961179733276,903
1941,0.2736454904079437,1715
1942,0.2734452486038208,735
1943,0.2734273672103882,702
1944,0.2730838656425476,1166
1945,0.2728411555290222,1755
1946,0.272053986787796,1142
1947,0.27201807498931885,2020
1948,0.27199432253837585,1749
1949,0.27191299200057983,1708
1950,0.2710641026496887,1927
1951,0.27089202404022217,664
1952,0.2708638608455658,794
1953,0.27082353830337524,276
1954,0.27052778005599976,751
1955,0.270419180393219,116
1956,0.2702867090702057,1263
1957,0.26997891068458557,657
1958,0.2698076665401459,724
1959,0.2695489525794983,689
1960,0.2691475749015808,1909
1961,0.26891806721687317,577
1962,0.26881396770477295,1975
1963,0.26863881945610046,1029
1964,0.26847898960113525,2082
1965,0.2678993046283722,1170
1966,0.26719236373901367,611
1967,0.26716503500938416,1532
1968,0.2669549882411957,598
1969,0.2667290270328522,1386
1970,0.26594623923301697,2035
1971,0.2658838629722595,1999
1972,0.265656054019928,1264
1973,0.26541346311569214,1913
1974,0.26510679721832275,1838
1975,0.26505783200263977,2119
1976,0.26493215560913086,1116
1977,0.2649271786212921,1125
1978,0.2648209035396576,712
1979,0.26475295424461365,660
1980,0.26471126079559326,616
1981,0.2637263834476471,637
1982,0.2623211741447449,142
1983,0.2622668147087097,944
1984,0.2619871199131012,1469
1985,0.26197540760040283,2096
1986,0.26192164421081543,1152
1987,0.26103678345680237,1903
1988,0.2607230842113495,1512
1989,0.26058274507522583,963
1990,0.260566771030426,20
1991,0.2604619562625885,1374
1992,0.26029446721076965,1002
1993,0.2602848410606384,1965
1994,0.2602604031562805,1600
1995,0.26021701097488403,1887
1996,0.26020824909210205,1879
1997,0.26010966300964355,693
1998,0.25999677181243896,1726
1999,0.2599325180053711,1676
2000,0.2599145472049713,1154
2001,0.25990062952041626,1677
2002,0.2591732144355774,1857
2003,0.2589113116264343,1719
2004,0.258897602558136,1599
2005,0.25875115394592285,331
2006,0.25866204500198364,956
2007,0.25837650895118713,2118
2008,0.2583257257938385,761
2009,0.2580026388168335,1167
2010,0.25784605741500854,1706
2011,0.25724494457244873,569
2012,0.25681933760643005,299
2013,0.2567228078842163,89
2014,0.256426066160202,178
2015,0.2563510537147522,1796
2016,0.2562345862388611,1095
2017,0.2561508119106293,858
2018,0.2561032176017761,1341
2019,0.2558870315551758,1413
2020,0.2558870315551758,1296
2021,0.25583863258361816,1172
2022,0.2557455003261566,967
2023,0.2555546462535858,574
2024,0.25538551807403564,312
2025,0.2553728222846985,180
2026,0.2552200257778168,987
2027,0.25517022609710693,1017
2028,0.25362733006477356,1130
2029,0.253609836101532,2120
2030,0.25360235571861267,462
2031,0.2533605396747589,1894
2032,0.25304508209228516,1905
2033,0.252433717250824,1936
2034,0.2523726224899292,1489
2035,0.252354234457016,1895
2036,0.25208795070648193,2068
2037,0.2519644498825073,805
2038,0.2512880861759186,245
2039,0.2510410249233246,1032
2040,0.2509792149066925,1608
2041,0.25061342120170593,530
2042,0.2503279447555542,897
2043,0.2501336634159088,1899
2044,0.24963174760341644,1479
2045,0.24907846748828888,1966
2046,0.24899041652679443,529
2047,0.24870215356349945,1698
2048,0.24852335453033447,1566
2049,0.24807067215442657,1065
2050,0.24787363409996033,999
2051,0.2477327287197113,322
2052,0.24692006409168243,1536
2053,0.2462913691997528,1680
2054,0.24618957936763763,165
2055,0.24595026671886444,803
2056,0.24545055627822876,1024
2057,0.24539142847061157,2095
2058,0.2453555315732956,2092
2059,0.24447429180145264,1722
2060,0.2441065013408661,863
2061,0.2439611703157425,1865
2062,0.24394528567790985,2106
2063,0.24332395195960999,1935
2064,0.2429843246936798,294
2065,0.2425009161233902,1675
2066,0.2420017272233963,1694
2067,0.24190442264080048,979
2068,0.24186742305755615,2005
2069,0.2417191118001938,1280
2070,0.2416199892759323,1810
2071,0.2397480309009552,1133
2072,0.2396179884672165,2053
2073,0.23862376809120178,1844
2074,0.23842409253120422,948
2075,0.2377384454011917,325
2076,0.2369413673877716,1594
2077,0.23612189292907715,1822
2078,0.23562932014465332,627
2079,0.23534929752349854,1260
2080,0.2330457866191864,927
2081,0.23301634192466736,916
2082,0.23229095339775085,1826
2083,0.23166097700595856,926
2084,0.23128804564476013,1915
2085,0.2309863269329071,1981
2086,0.23073042929172516,667
2087,0.2283717542886734,509
2088,0.22654631733894348,1039
2089,0.22526304423809052,1892
2090,0.22492288053035736,522
2091,0.22437113523483276,185
2092,0.22355987131595612,744
2093,0.22348780930042267,1912
2094,0.2233610451221466,1995
2095,0.22186754643917084,750
2096,0.21951410174369812,852
2097,0.2192346602678299,1295
2098,0.2180139273405075,1703
2099,0.2180139273405075,1037
2100,0.2180139273405075,938
2101,0.2180139273405075,936
2102,0.2180139273405075,935
2103,0.2180139273405075,401
2104,0.2178790122270584,490
2105,0.2178790122270584,233
2106,0.2173611968755722,756
2107,0.21417801082134247,804
2108,0.21411685645580292,2086
2109,0.21252140402793884,1102
2110,0.21129442751407623,869
2111,0.21120058000087738,1873
2112,0.2105824053287506,263
2113,0.20767571032047272,687
2114,0.2069878727197647,1957
2115,0.20548973977565765,836
2116,0.1988365352153778,46
2117,0.19883115589618683,288
2118,0.19883105158805847,997
2119,0.19742891192436218,175
2120,0.1955782026052475,156
2121,0.19201749563217163,161
2122,0.18698738515377045,364
2123,0.18360155820846558,845
2124,0.18330438435077667,1842
